user_id,timestamp,last_three_pages_visited,past_purchase_amounts,mean_purchase,purchase
7270,2023-04-01 07:03:27.792588,products/cart/checkout,"[64, 47, 80]",63.666666666666664,0
860,2023-04-05 19:09:27.792588,products/cart/checkout,"[72, 9, 41]",40.666666666666664,0
5390,2023-04-04 02:25:27.792588,products/cart/home,"[76, 96, 35]",69.0,0
5191,2023-04-06 06:34:27.792588,checkout/products/cart,"[13, 55, 33]",33.666666666666664,0
5734,2023-04-04 08:21:27.792588,products/checkout/cart,"[82, 44, 45]",57.0,1
6265,2023-03-31 21:39:27.792588,checkout/products/home,"[90, 15, 27]",44.0,0
466,2023-04-04 07:44:27.792588,products/checkout/cart,"[5, 50, 25]",26.666666666666668,0
4426,2023-04-03 12:34:27.792588,products/checkout/cart,"[94, 40, 58]",64.0,0
5578,2023-03-30 23:38:27.792588,home/products/checkout,"[91, 61, 5]",52.333333333333336,0
8322,2023-04-01 16:24:27.792588,products/home/checkout,"[67, 58, 59]",61.333333333333336,1
1685,2023-04-02 03:31:27.792588,checkout/cart/products,"[44, 19, 25]",29.333333333333332,0
769,2023-04-01 06:16:27.792588,cart/products/home,"[51, 77, 57]",61.666666666666664,0
6949,2023-04-03 09:52:27.792588,cart/products/home,"[13, 78, 56]",49.0,0
2433,2023-04-04 10:39:27.792588,products/checkout/home,"[61, 30, 45]",45.333333333333336,0
5311,2023-04-03 00:19:27.792588,checkout/cart/home,"[39, 67, 29]",45.0,1
5051,2023-04-01 12:19:27.792588,home/checkout/products,"[94, 79, 42]",71.66666666666667,1
6420,2023-03-31 03:46:27.792588,products/checkout/cart,"[6, 11, 86]",34.333333333333336,0
1184,2023-04-04 04:58:27.792588,checkout/home/cart,"[95, 38, 95]",76.0,0
4555,2023-04-04 22:58:27.792588,cart/checkout/home,"[21, 47, 63]",43.666666666666664,0
3385,2023-03-31 00:16:27.792588,cart/products/checkout,"[55, 58, 28]",47.0,0
6396,2023-04-05 20:26:27.792588,products/cart/checkout,"[29, 75, 56]",53.333333333333336,0
8666,2023-03-31 14:39:27.792588,products/cart/checkout,"[74, 92, 37]",67.66666666666667,0
9274,2023-03-30 17:37:27.792588,home/cart/checkout,"[53, 33, 67]",51.0,0
2558,2023-04-03 20:09:27.792588,checkout/products/home,"[26, 30, 32]",29.333333333333332,0
7849,2023-04-05 03:25:27.792588,products/home/cart,"[89, 53, 75]",72.33333333333333,1
2047,2023-04-01 12:41:27.792588,checkout/cart/home,"[85, 88, 53]",75.33333333333333,1
2747,2023-04-01 09:07:27.792588,home/products/checkout,"[24, 90, 96]",70.0,0
9167,2023-04-04 20:17:27.792588,cart/products/home,"[67, 65, 53]",61.666666666666664,1
9998,2023-03-30 22:05:27.792588,cart/products/checkout,"[75, 5, 17]",32.333333333333336,0
189,2023-04-02 20:14:27.792588,home/products/cart,"[98, 91, 55]",81.33333333333333,0
2734,2023-04-04 22:50:27.792588,checkout/home/products,"[60, 87, 66]",71.0,1
3005,2023-04-02 20:19:27.792588,cart/checkout/home,"[36, 34, 33]",34.333333333333336,1
4658,2023-03-30 16:09:27.792588,products/checkout/home,"[53, 49, 97]",66.33333333333333,1
1899,2023-04-03 14:56:27.792588,home/checkout/products,"[34, 20, 44]",32.666666666666664,0
7734,2023-04-03 01:16:27.792588,home/checkout/products,"[23, 22, 5]",16.666666666666668,0
1267,2023-03-31 08:14:27.792588,cart/products/home,"[82, 51, 70]",67.66666666666667,1
1528,2023-04-04 17:34:27.792588,products/home/cart,"[96, 98, 42]",78.66666666666667,0
3556,2023-04-04 11:28:27.792588,checkout/home/cart,"[55, 67, 8]",43.333333333333336,0
3890,2023-04-04 06:53:27.792588,products/home/cart,"[5, 12, 33]",16.666666666666668,0
8838,2023-04-05 04:24:27.792588,checkout/home/products,"[59, 7, 36]",34.0,0
5393,2023-04-06 00:34:27.792588,cart/checkout/products,"[14, 78, 87]",59.666666666666664,0
8792,2023-04-04 13:50:27.792588,checkout/cart/products,"[38, 91, 59]",62.666666666666664,0
8433,2023-04-03 16:58:27.792588,products/checkout/cart,"[96, 36, 54]",62.0,1
7513,2023-04-06 09:58:27.792588,checkout/products/home,"[11, 97, 12]",40.0,0
2612,2023-04-01 10:02:27.792588,cart/checkout/home,"[69, 61, 71]",67.0,0
7041,2023-04-04 10:04:27.792588,products/home/cart,"[92, 91, 63]",82.0,0
9555,2023-04-01 18:01:27.792588,checkout/cart/products,"[76, 58, 71]",68.33333333333333,0
6235,2023-03-30 21:11:27.792588,products/home/cart,"[55, 96, 12]",54.333333333333336,0
5486,2023-03-31 02:51:27.792588,checkout/cart/products,"[38, 39, 92]",56.333333333333336,0
7099,2023-04-05 00:19:27.792588,checkout/home/cart,"[82, 36, 50]",56.0,1
9670,2023-04-03 13:02:27.792588,checkout/home/cart,"[20, 72, 41]",44.333333333333336,0
775,2023-04-01 16:57:27.792588,home/checkout/cart,"[58, 89, 18]",55.0,1
8226,2023-04-06 13:38:27.792588,products/checkout/cart,"[99, 59, 52]",70.0,0
3152,2023-04-04 12:34:27.792588,home/checkout/products,"[86, 11, 78]",58.333333333333336,0
1585,2023-04-03 17:53:27.792588,home/products/cart,"[11, 37, 27]",25.0,0
3943,2023-04-05 05:24:27.792588,checkout/products/cart,"[89, 23, 23]",45.0,0
7555,2023-03-31 01:43:27.792588,home/cart/checkout,"[40, 33, 64]",45.666666666666664,1
3073,2023-04-05 05:02:27.792588,cart/products/home,"[86, 6, 5]",32.333333333333336,0
1021,2023-04-01 03:18:27.792588,products/checkout/home,"[51, 73, 24]",49.333333333333336,0
3843,2023-03-31 23:32:27.792588,home/checkout/products,"[15, 6, 71]",30.666666666666668,1
7989,2023-04-01 03:16:27.792588,products/home/checkout,"[91, 16, 24]",43.666666666666664,1
9692,2023-03-31 17:04:27.792588,cart/checkout/products,"[9, 41, 42]",30.666666666666668,1
6873,2023-04-03 10:21:27.792588,products/checkout/cart,"[98, 13, 57]",56.0,0
5675,2023-04-01 04:06:27.792588,checkout/cart/products,"[48, 90, 28]",55.333333333333336,1
161,2023-04-01 22:26:27.792588,cart/checkout/products,"[85, 78, 34]",65.66666666666667,0
4297,2023-04-05 20:13:27.792588,home/cart/checkout,"[63, 91, 85]",79.66666666666667,0
995,2023-04-02 09:16:27.792588,home/cart/checkout,"[85, 18, 13]",38.666666666666664,0
7629,2023-03-31 15:56:27.792588,home/checkout/cart,"[44, 70, 29]",47.666666666666664,0
9467,2023-04-04 14:23:27.792588,products/cart/home,"[77, 26, 8]",37.0,0
1016,2023-04-04 09:20:27.792588,cart/home/checkout,"[30, 62, 33]",41.666666666666664,0
7869,2023-04-03 02:14:27.792588,checkout/products/cart,"[91, 41, 79]",70.33333333333333,1
6439,2023-04-03 10:31:27.792588,checkout/products/cart,"[74, 22, 89]",61.666666666666664,0
7892,2023-03-31 10:48:27.792588,cart/checkout/home,"[46, 45, 42]",44.333333333333336,0
6863,2023-04-01 13:18:27.792588,checkout/cart/home,"[38, 21, 41]",33.333333333333336,0
7916,2023-04-03 23:43:27.792588,cart/checkout/home,"[29, 80, 91]",66.66666666666667,1
8529,2023-04-06 07:18:27.792588,cart/products/home,"[90, 89, 31]",70.0,0
878,2023-04-05 10:45:27.792588,products/cart/home,"[61, 35, 10]",35.333333333333336,0
9268,2023-04-04 07:15:27.792588,products/checkout/home,"[95, 44, 16]",51.666666666666664,1
4887,2023-04-02 20:11:27.792588,cart/checkout/home,"[57, 75, 14]",48.666666666666664,1
4859,2023-04-02 02:31:27.792588,home/cart/products,"[49, 21, 30]",33.333333333333336,0
6331,2023-04-02 20:25:27.792588,products/checkout/home,"[89, 96, 66]",83.66666666666667,0
8571,2023-04-01 05:58:27.792588,home/products/checkout,"[50, 68, 6]",41.333333333333336,1
8684,2023-04-02 19:35:27.792588,cart/products/home,"[58, 69, 55]",60.666666666666664,0
7208,2023-04-02 07:39:27.792588,checkout/cart/home,"[57, 40, 30]",42.333333333333336,0
5276,2023-04-02 06:23:27.792588,checkout/home/products,"[33, 25, 15]",24.333333333333332,1
2062,2023-04-04 10:09:27.792588,checkout/cart/home,"[44, 15, 40]",33.0,0
64,2023-04-02 06:00:27.792588,cart/checkout/home,"[63, 43, 58]",54.666666666666664,0
8006,2023-04-03 13:19:27.792588,home/products/cart,"[59, 28, 26]",37.666666666666664,0
2568,2023-03-31 00:42:27.792588,checkout/home/cart,"[73, 60, 37]",56.666666666666664,0
5463,2023-04-04 18:36:27.792588,cart/checkout/products,"[40, 24, 87]",50.333333333333336,0
2027,2023-04-06 04:52:27.792588,checkout/cart/products,"[85, 66, 77]",76.0,1
2695,2023-04-06 05:55:27.792588,cart/home/products,"[30, 70, 77]",59.0,0
9687,2023-04-04 02:42:27.792588,cart/products/checkout,"[77, 44, 21]",47.333333333333336,0
5258,2023-04-05 13:56:27.792588,checkout/products/home,"[5, 93, 65]",54.333333333333336,0
5618,2023-04-02 11:01:27.792588,cart/products/home,"[47, 46, 29]",40.666666666666664,0
6736,2023-04-03 09:13:27.792588,home/checkout/cart,"[43, 39, 7]",29.666666666666668,1
391,2023-04-05 10:46:27.792588,products/checkout/cart,"[48, 55, 98]",67.0,0
5892,2023-03-31 10:55:27.792588,checkout/products/home,"[16, 23, 48]",29.0,0
3561,2023-03-31 12:43:27.792588,products/cart/home,"[63, 53, 65]",60.333333333333336,0
6184,2023-04-04 09:19:27.792588,checkout/products/home,"[21, 78, 61]",53.333333333333336,0
3099,2023-04-02 09:19:27.792588,home/checkout/cart,"[59, 51, 16]",42.0,0
6278,2023-03-31 05:02:27.792588,products/cart/home,"[66, 84, 92]",80.66666666666667,1
8392,2023-04-06 02:04:27.792588,checkout/home/cart,"[87, 12, 99]",66.0,1
3104,2023-04-04 16:41:27.792588,products/home/cart,"[25, 85, 91]",67.0,0
7215,2023-04-03 15:05:27.792588,home/products/checkout,"[84, 74, 76]",78.0,0
2454,2023-03-31 18:55:27.792588,cart/products/home,"[29, 86, 93]",69.33333333333333,1
8996,2023-04-04 04:24:27.792588,products/cart/home,"[16, 19, 63]",32.666666666666664,1
2731,2023-04-05 23:18:27.792588,home/checkout/cart,"[30, 30, 51]",37.0,0
8154,2023-04-06 11:09:27.792588,cart/products/checkout,"[36, 14, 20]",23.333333333333332,0
9762,2023-04-03 12:21:27.792588,products/cart/checkout,"[75, 21, 27]",41.0,0
5056,2023-04-01 15:08:27.792588,checkout/home/cart,"[30, 89, 90]",69.66666666666667,1
8110,2023-04-06 06:11:27.792588,cart/products/checkout,"[11, 18, 83]",37.333333333333336,1
3840,2023-04-02 12:00:27.792588,checkout/cart/home,"[11, 13, 52]",25.333333333333332,0
1028,2023-04-03 15:11:27.792588,home/checkout/cart,"[76, 63, 91]",76.66666666666667,0
7385,2023-04-06 02:33:27.792588,cart/home/products,"[97, 86, 99]",94.0,1
502,2023-04-04 16:40:27.792588,home/checkout/cart,"[98, 43, 22]",54.333333333333336,1
6910,2023-04-04 18:14:27.792588,home/products/checkout,"[63, 21, 18]",34.0,1
9062,2023-04-05 22:18:27.792588,cart/checkout/home,"[35, 28, 64]",42.333333333333336,1
6938,2023-04-05 22:58:27.792588,products/cart/checkout,"[49, 7, 41]",32.333333333333336,0
4488,2023-04-01 15:06:27.792588,checkout/products/home,"[47, 44, 94]",61.666666666666664,0
206,2023-04-06 13:05:27.792588,products/cart/home,"[59, 91, 43]",64.33333333333333,0
5134,2023-04-05 03:11:27.792588,checkout/products/cart,"[19, 8, 97]",41.333333333333336,0
5977,2023-04-04 21:37:27.792588,home/products/cart,"[90, 29, 17]",45.333333333333336,0
7721,2023-03-30 23:31:27.792588,cart/home/products,"[86, 37, 20]",47.666666666666664,1
7035,2023-04-02 00:24:27.792588,products/cart/home,"[46, 70, 59]",58.333333333333336,0
1484,2023-04-04 09:33:27.792588,cart/checkout/home,"[46, 38, 34]",39.333333333333336,1
7858,2023-04-01 15:00:27.792588,cart/products/home,"[17, 17, 22]",18.666666666666668,0
863,2023-04-05 14:34:27.792588,checkout/cart/home,"[36, 43, 50]",43.0,1
2790,2023-04-05 06:40:27.792588,checkout/cart/products,"[33, 66, 97]",65.33333333333333,0
7408,2023-04-04 18:37:27.792588,home/checkout/cart,"[66, 61, 20]",49.0,0
8755,2023-03-30 17:52:27.792588,products/home/checkout,"[60, 14, 34]",36.0,0
5116,2023-04-03 11:03:27.792588,home/cart/products,"[29, 88, 9]",42.0,0
6019,2023-03-31 04:04:27.792588,products/checkout/cart,"[69, 98, 53]",73.33333333333333,1
1757,2023-03-31 17:00:27.792588,products/cart/checkout,"[7, 49, 18]",24.666666666666668,1
7574,2023-04-06 09:43:27.792588,products/checkout/home,"[34, 72, 22]",42.666666666666664,0
6374,2023-03-30 20:24:27.792588,checkout/products/cart,"[66, 41, 29]",45.333333333333336,0
6892,2023-04-03 17:11:27.792588,checkout/products/cart,"[52, 69, 57]",59.333333333333336,0
1678,2023-04-01 12:58:27.792588,home/products/checkout,"[83, 77, 19]",59.666666666666664,0
3242,2023-04-04 17:25:27.792588,products/home/cart,"[53, 92, 72]",72.33333333333333,1
4636,2023-04-01 04:14:27.792588,home/cart/checkout,"[16, 63, 41]",40.0,1
1059,2023-04-03 19:30:27.792588,home/checkout/products,"[65, 47, 74]",62.0,0
6668,2023-03-31 18:29:27.792588,checkout/products/home,"[43, 60, 67]",56.666666666666664,1
9914,2023-04-02 07:03:27.792588,home/checkout/cart,"[50, 92, 15]",52.333333333333336,0
3157,2023-04-05 14:50:27.792588,products/cart/home,"[66, 81, 29]",58.666666666666664,1
5915,2023-04-06 12:08:27.792588,cart/checkout/home,"[75, 56, 8]",46.333333333333336,0
9789,2023-04-05 21:38:27.792588,home/checkout/cart,"[63, 76, 24]",54.333333333333336,1
2693,2023-04-04 16:10:27.792588,home/products/checkout,"[97, 67, 58]",74.0,1
3627,2023-04-01 18:16:27.792588,home/checkout/products,"[78, 61, 94]",77.66666666666667,0
9555,2023-04-01 14:38:27.792588,home/checkout/products,"[45, 7, 10]",20.666666666666668,1
5450,2023-04-06 10:25:27.792588,checkout/home/cart,"[9, 9, 58]",25.333333333333332,0
1663,2023-04-04 07:54:27.792588,cart/home/products,"[51, 91, 53]",65.0,0
9721,2023-04-04 21:17:27.792588,checkout/products/home,"[13, 24, 65]",34.0,0
5592,2023-04-06 13:29:27.792588,cart/products/checkout,"[39, 54, 86]",59.666666666666664,1
7392,2023-04-01 02:55:27.792588,home/checkout/cart,"[66, 21, 92]",59.666666666666664,1
1306,2023-03-31 04:43:27.792588,cart/home/checkout,"[7, 36, 17]",20.0,1
6776,2023-04-03 08:53:27.792588,products/home/cart,"[93, 77, 72]",80.66666666666667,1
5864,2023-04-03 14:12:27.792588,products/cart/checkout,"[18, 15, 60]",31.0,0
9474,2023-04-05 06:19:27.792588,checkout/cart/home,"[71, 96, 33]",66.66666666666667,1
7526,2023-04-06 12:23:27.792588,home/cart/checkout,"[13, 71, 29]",37.666666666666664,0
8901,2023-04-02 19:38:27.792588,checkout/home/products,"[80, 46, 13]",46.333333333333336,0
5575,2023-04-05 07:49:27.792588,cart/products/home,"[83, 44, 29]",52.0,0
5530,2023-04-03 22:17:27.792588,products/checkout/home,"[9, 15, 63]",29.0,1
4413,2023-04-01 03:25:27.792588,home/products/checkout,"[92, 83, 42]",72.33333333333333,1
3748,2023-04-03 05:05:27.792588,products/home/cart,"[76, 9, 52]",45.666666666666664,0
663,2023-04-04 03:00:27.792588,home/products/cart,"[94, 22, 74]",63.333333333333336,0
1998,2023-04-03 07:29:27.792588,products/checkout/cart,"[41, 64, 52]",52.333333333333336,1
7994,2023-03-31 16:50:27.792588,checkout/cart/products,"[81, 32, 73]",62.0,0
1495,2023-04-05 13:41:27.792588,products/checkout/home,"[81, 85, 44]",70.0,1
3304,2023-04-02 23:57:27.792588,products/cart/home,"[49, 66, 97]",70.66666666666667,1
3763,2023-04-01 11:59:27.792588,cart/checkout/home,"[62, 71, 60]",64.33333333333333,0
5232,2023-04-04 21:44:27.792588,home/checkout/products,"[44, 44, 95]",61.0,0
1853,2023-04-05 04:26:27.792588,checkout/products/home,"[81, 37, 10]",42.666666666666664,1
6585,2023-04-05 23:20:27.792588,products/checkout/home,"[92, 23, 84]",66.33333333333333,1
1291,2023-04-05 09:00:27.792588,home/checkout/cart,"[44, 96, 63]",67.66666666666667,0
3581,2023-04-04 21:06:27.792588,home/checkout/cart,"[63, 52, 45]",53.333333333333336,1
7554,2023-04-01 07:37:27.792588,cart/products/checkout,"[17, 49, 93]",53.0,0
7280,2023-04-01 05:45:27.792588,home/cart/checkout,"[57, 46, 67]",56.666666666666664,0
1636,2023-04-03 23:18:27.792588,home/cart/checkout,"[31, 42, 64]",45.666666666666664,1
3696,2023-04-06 00:33:27.792588,cart/checkout/home,"[11, 9, 49]",23.0,1
698,2023-04-02 19:55:27.792588,checkout/home/products,"[62, 35, 27]",41.333333333333336,0
4737,2023-04-04 09:49:27.792588,cart/checkout/products,"[46, 14, 36]",32.0,1
854,2023-04-04 17:44:27.792588,home/cart/products,"[57, 34, 43]",44.666666666666664,0
8164,2023-04-03 01:27:27.792588,products/checkout/cart,"[35, 86, 6]",42.333333333333336,0
5855,2023-03-31 02:25:27.792588,home/cart/checkout,"[82, 81, 97]",86.66666666666667,0
7392,2023-03-31 23:19:27.792588,products/home/checkout,"[16, 43, 70]",43.0,1
6528,2023-04-03 16:00:27.792588,checkout/cart/home,"[17, 50, 31]",32.666666666666664,0
5249,2023-04-05 03:11:27.792588,cart/home/checkout,"[21, 99, 64]",61.333333333333336,0
5172,2023-04-05 00:04:27.792588,checkout/home/products,"[68, 92, 39]",66.33333333333333,0
1707,2023-03-31 08:05:27.792588,home/products/cart,"[74, 87, 34]",65.0,1
5791,2023-04-06 06:51:27.792588,home/cart/products,"[75, 78, 67]",73.33333333333333,0
9925,2023-04-01 12:23:27.792588,checkout/products/home,"[32, 64, 83]",59.666666666666664,1
5535,2023-03-31 10:35:27.792588,checkout/home/products,"[98, 41, 97]",78.66666666666667,0
4931,2023-04-06 01:23:27.792588,cart/checkout/home,"[26, 72, 24]",40.666666666666664,0
3510,2023-04-04 09:32:27.792588,checkout/cart/products,"[72, 95, 68]",78.33333333333333,0
202,2023-04-02 10:58:27.792588,products/home/checkout,"[21, 16, 26]",21.0,1
4218,2023-04-02 02:15:27.792588,home/products/checkout,"[21, 14, 69]",34.666666666666664,1
8958,2023-04-01 02:30:27.792588,cart/products/checkout,"[26, 94, 86]",68.66666666666667,0
4389,2023-04-02 13:53:27.792588,home/checkout/cart,"[54, 18, 68]",46.666666666666664,0
2327,2023-04-05 08:38:27.792588,checkout/home/products,"[51, 33, 80]",54.666666666666664,0
8004,2023-03-30 18:02:27.792588,cart/checkout/home,"[40, 56, 80]",58.666666666666664,0
2931,2023-03-30 16:43:27.792588,checkout/home/cart,"[11, 33, 15]",19.666666666666668,0
7777,2023-04-06 06:34:27.792588,cart/checkout/home,"[37, 10, 83]",43.333333333333336,0
197,2023-03-30 20:31:27.792588,cart/products/checkout,"[36, 55, 79]",56.666666666666664,0
7125,2023-04-04 16:49:27.792588,checkout/products/cart,"[62, 91, 30]",61.0,0
1930,2023-04-05 17:53:27.792588,cart/home/products,"[50, 33, 8]",30.333333333333332,0
6287,2023-04-04 16:42:27.792588,cart/home/checkout,"[85, 17, 43]",48.333333333333336,1
8800,2023-04-04 18:55:27.792588,cart/products/home,"[19, 33, 33]",28.333333333333332,0
9339,2023-04-02 20:12:27.792588,checkout/home/products,"[79, 36, 6]",40.333333333333336,0
4282,2023-04-03 13:03:27.792588,checkout/products/home,"[51, 82, 88]",73.66666666666667,1
2511,2023-04-01 04:33:27.792588,products/cart/checkout,"[26, 79, 31]",45.333333333333336,0
9986,2023-04-02 15:13:27.792588,cart/home/checkout,"[71, 85, 60]",72.0,0
659,2023-04-02 05:38:27.792588,products/home/cart,"[96, 97, 25]",72.66666666666667,0
2811,2023-04-04 02:23:27.792588,products/home/checkout,"[51, 84, 63]",66.0,0
7098,2023-04-03 06:32:27.792588,home/products/checkout,"[88, 10, 23]",40.333333333333336,0
6546,2023-04-05 07:49:27.792588,products/home/cart,"[61, 73, 7]",47.0,0
9561,2023-04-02 06:06:27.792588,cart/checkout/home,"[5, 62, 42]",36.333333333333336,1
1986,2023-04-04 18:26:27.792588,cart/home/products,"[19, 38, 65]",40.666666666666664,0
8338,2023-04-04 05:16:27.792588,cart/products/home,"[39, 68, 29]",45.333333333333336,0
2911,2023-03-31 01:37:27.792588,cart/home/checkout,"[28, 16, 22]",22.0,0
1734,2023-03-31 23:38:27.792588,products/cart/checkout,"[19, 84, 31]",44.666666666666664,0
1843,2023-04-05 09:50:27.792588,home/cart/products,"[76, 64, 50]",63.333333333333336,0
8680,2023-04-01 16:59:27.792588,checkout/home/products,"[93, 21, 97]",70.33333333333333,1
2976,2023-04-03 02:11:27.792588,cart/home/products,"[57, 12, 83]",50.666666666666664,0
1959,2023-04-04 17:30:27.792588,cart/products/home,"[31, 50, 54]",45.0,0
5759,2023-04-03 05:24:27.792588,home/checkout/products,"[75, 7, 97]",59.666666666666664,0
6694,2023-04-03 05:37:27.792588,products/home/cart,"[68, 48, 57]",57.666666666666664,0
2385,2023-04-06 01:40:27.792588,home/products/cart,"[28, 64, 7]",33.0,1
4736,2023-03-31 06:58:27.792588,cart/home/products,"[24, 50, 19]",31.0,0
1802,2023-04-02 07:18:27.792588,products/checkout/home,"[29, 98, 82]",69.66666666666667,0
8155,2023-04-04 02:36:27.792588,checkout/home/cart,"[75, 21, 88]",61.333333333333336,0
8120,2023-04-03 03:50:27.792588,products/cart/home,"[13, 42, 52]",35.666666666666664,1
6616,2023-04-02 12:50:27.792588,products/checkout/home,"[64, 67, 90]",73.66666666666667,0
5534,2023-04-06 02:23:27.792588,cart/home/checkout,"[6, 92, 76]",58.0,0
4061,2023-04-01 17:33:27.792588,home/products/checkout,"[15, 68, 81]",54.666666666666664,1
262,2023-04-01 15:20:27.792588,cart/home/checkout,"[85, 76, 25]",62.0,1
6287,2023-03-31 08:36:27.792588,home/cart/products,"[22, 98, 68]",62.666666666666664,0
8815,2023-03-31 22:57:27.792588,cart/products/home,"[86, 99, 42]",75.66666666666667,0
9208,2023-04-03 20:53:27.792588,products/home/checkout,"[36, 15, 49]",33.333333333333336,0
2049,2023-03-31 15:39:27.792588,cart/checkout/products,"[93, 37, 45]",58.333333333333336,0
5423,2023-04-01 00:23:27.792588,products/cart/checkout,"[12, 15, 90]",39.0,0
4548,2023-04-02 19:42:27.792588,products/checkout/cart,"[55, 92, 45]",64.0,0
3108,2023-04-01 22:00:27.792588,products/home/checkout,"[21, 80, 50]",50.333333333333336,0
7158,2023-03-30 21:14:27.792588,cart/home/checkout,"[36, 83, 84]",67.66666666666667,0
7400,2023-04-02 18:01:27.792588,products/cart/checkout,"[58, 90, 96]",81.33333333333333,0
3170,2023-04-05 03:40:27.792588,cart/products/checkout,"[24, 37, 78]",46.333333333333336,1
9874,2023-04-04 20:30:27.792588,checkout/cart/home,"[44, 36, 6]",28.666666666666668,0
2255,2023-04-05 15:14:27.792588,cart/products/home,"[37, 81, 34]",50.666666666666664,0
1154,2023-04-05 11:17:27.792588,home/checkout/cart,"[37, 81, 30]",49.333333333333336,0
4499,2023-04-04 09:36:27.792588,home/checkout/products,"[26, 70, 42]",46.0,1
6295,2023-03-31 17:18:27.792588,home/products/checkout,"[94, 50, 19]",54.333333333333336,0
6197,2023-03-30 20:29:27.792588,checkout/products/home,"[48, 53, 79]",60.0,0
9888,2023-04-05 18:06:27.792588,checkout/home/products,"[65, 71, 10]",48.666666666666664,0
1648,2023-03-30 19:05:27.792588,home/cart/checkout,"[13, 10, 77]",33.333333333333336,0
5539,2023-04-04 06:16:27.792588,home/checkout/cart,"[99, 36, 45]",60.0,0
9637,2023-04-05 23:56:27.792588,home/checkout/products,"[80, 12, 76]",56.0,0
4199,2023-04-04 01:21:27.792588,products/cart/home,"[54, 96, 66]",72.0,0
8445,2023-04-03 09:42:27.792588,checkout/products/cart,"[88, 66, 11]",55.0,1
2557,2023-04-04 19:59:27.792588,cart/home/checkout,"[79, 88, 84]",83.66666666666667,0
5592,2023-04-04 03:15:27.792588,home/products/cart,"[8, 10, 62]",26.666666666666668,0
98,2023-03-31 17:54:27.792588,products/checkout/cart,"[26, 30, 7]",21.0,1
2200,2023-04-01 00:36:27.792588,cart/home/checkout,"[45, 64, 18]",42.333333333333336,0
2961,2023-04-03 15:40:27.792588,products/cart/home,"[79, 86, 16]",60.333333333333336,0
4973,2023-03-31 11:34:27.792588,home/products/checkout,"[91, 16, 17]",41.333333333333336,0
4433,2023-03-31 02:50:27.792588,products/home/checkout,"[29, 49, 23]",33.666666666666664,0
2869,2023-04-01 21:32:27.792588,cart/products/checkout,"[59, 49, 12]",40.0,1
956,2023-04-02 07:10:27.792588,cart/checkout/products,"[97, 57, 59]",71.0,1
8352,2023-04-02 14:47:27.792588,checkout/home/products,"[36, 55, 48]",46.333333333333336,0
5699,2023-04-05 09:09:27.792588,products/cart/home,"[86, 74, 22]",60.666666666666664,0
6944,2023-04-01 11:07:27.792588,home/cart/products,"[87, 26, 41]",51.333333333333336,1
4493,2023-04-05 09:20:27.792588,checkout/cart/products,"[60, 63, 7]",43.333333333333336,1
9492,2023-04-01 07:59:27.792588,cart/checkout/products,"[32, 78, 39]",49.666666666666664,1
4911,2023-04-01 07:52:27.792588,home/cart/checkout,"[65, 97, 58]",73.33333333333333,0
3987,2023-04-02 23:15:27.792588,home/products/cart,"[67, 83, 11]",53.666666666666664,0
9719,2023-04-04 04:00:27.792588,cart/checkout/home,"[80, 53, 98]",77.0,1
6015,2023-04-05 08:50:27.792588,home/cart/products,"[89, 35, 62]",62.0,0
1218,2023-04-06 10:51:27.792588,home/cart/checkout,"[65, 28, 24]",39.0,0
4496,2023-04-05 09:42:27.792588,products/home/checkout,"[41, 8, 96]",48.333333333333336,0
4735,2023-04-03 11:10:27.792588,products/home/cart,"[24, 64, 28]",38.666666666666664,0
4555,2023-04-04 02:28:27.792588,cart/checkout/home,"[54, 53, 55]",54.0,0
9146,2023-04-03 09:02:27.792588,cart/checkout/products,"[40, 70, 83]",64.33333333333333,0
8050,2023-04-03 03:23:27.792588,products/home/checkout,"[38, 40, 10]",29.333333333333332,1
3446,2023-04-03 23:55:27.792588,products/home/checkout,"[43, 46, 62]",50.333333333333336,0
1045,2023-04-05 00:35:27.792588,home/cart/checkout,"[16, 7, 22]",15.0,1
6893,2023-04-04 04:42:27.792588,cart/checkout/home,"[44, 25, 19]",29.333333333333332,0
1693,2023-04-06 13:00:27.792588,cart/home/products,"[30, 12, 98]",46.666666666666664,0
3436,2023-03-30 19:06:27.792588,checkout/cart/home,"[91, 46, 48]",61.666666666666664,1
8754,2023-04-01 02:10:27.792588,products/home/cart,"[18, 82, 6]",35.333333333333336,0
5895,2023-04-06 09:36:27.792588,checkout/products/home,"[41, 73, 42]",52.0,0
3354,2023-04-04 03:12:27.792588,home/products/checkout,"[45, 66, 64]",58.333333333333336,0
225,2023-04-05 07:04:27.792588,products/home/checkout,"[18, 93, 88]",66.33333333333333,0
4893,2023-03-31 00:59:27.792588,home/checkout/products,"[6, 74, 21]",33.666666666666664,1
7022,2023-04-04 19:56:27.792588,products/cart/home,"[93, 32, 70]",65.0,1
9151,2023-04-04 09:31:27.792588,checkout/home/cart,"[39, 9, 69]",39.0,0
5600,2023-04-05 20:36:27.792588,products/home/cart,"[44, 80, 60]",61.333333333333336,0
7996,2023-04-03 18:47:27.792588,cart/products/home,"[40, 49, 27]",38.666666666666664,0
9007,2023-04-05 11:23:27.792588,checkout/cart/products,"[51, 35, 15]",33.666666666666664,1
7683,2023-03-31 11:55:27.792588,cart/products/checkout,"[14, 71, 18]",34.333333333333336,0
4642,2023-04-02 11:46:27.792588,home/checkout/cart,"[84, 78, 97]",86.33333333333333,0
7679,2023-04-03 13:13:27.792588,cart/home/checkout,"[14, 80, 98]",64.0,0
8208,2023-03-31 20:47:27.792588,cart/products/home,"[5, 9, 24]",12.666666666666666,0
7339,2023-03-31 04:15:27.792588,cart/home/checkout,"[12, 47, 80]",46.333333333333336,0
9435,2023-04-06 05:25:27.792588,cart/home/checkout,"[5, 61, 68]",44.666666666666664,1
2205,2023-04-05 20:31:27.792588,cart/home/checkout,"[88, 32, 41]",53.666666666666664,0
1069,2023-03-31 06:57:27.792588,home/checkout/cart,"[51, 80, 41]",57.333333333333336,0
3444,2023-04-01 20:20:27.792588,products/home/checkout,"[53, 48, 60]",53.666666666666664,1
1060,2023-04-06 02:12:27.792588,home/cart/checkout,"[32, 83, 10]",41.666666666666664,1
2327,2023-03-31 22:23:27.792588,home/cart/products,"[65, 24, 82]",57.0,0
3420,2023-04-01 02:58:27.792588,products/cart/home,"[6, 77, 41]",41.333333333333336,0
301,2023-04-03 23:47:27.792588,cart/products/checkout,"[24, 30, 33]",29.0,0
606,2023-04-01 12:50:27.792588,home/checkout/cart,"[5, 39, 74]",39.333333333333336,0
3170,2023-03-30 20:56:27.792588,checkout/products/cart,"[63, 73, 37]",57.666666666666664,0
699,2023-04-03 07:38:27.792588,home/products/cart,"[55, 82, 16]",51.0,0
5088,2023-04-03 06:29:27.792588,products/checkout/cart,"[24, 57, 92]",57.666666666666664,0
9331,2023-04-02 07:25:27.792588,products/checkout/home,"[47, 93, 54]",64.66666666666667,1
190,2023-04-02 22:50:27.792588,home/checkout/cart,"[33, 61, 43]",45.666666666666664,0
980,2023-04-03 21:15:27.792588,cart/checkout/home,"[99, 60, 47]",68.66666666666667,0
2975,2023-04-04 22:41:27.792588,cart/products/home,"[54, 27, 48]",43.0,0
6102,2023-04-06 00:21:27.792588,cart/checkout/home,"[42, 88, 27]",52.333333333333336,1
1184,2023-03-31 02:21:27.792588,checkout/cart/products,"[49, 56, 84]",63.0,1
3327,2023-04-05 10:10:27.792588,home/cart/products,"[54, 12, 89]",51.666666666666664,1
3394,2023-03-31 21:41:27.792588,checkout/products/cart,"[5, 12, 33]",16.666666666666668,1
8319,2023-03-30 23:21:27.792588,checkout/cart/home,"[9, 90, 51]",50.0,1
1816,2023-04-03 22:19:27.792588,products/cart/checkout,"[38, 69, 59]",55.333333333333336,0
5854,2023-04-01 18:46:27.792588,checkout/cart/products,"[94, 47, 78]",73.0,0
6709,2023-03-30 22:53:27.792588,home/cart/products,"[34, 86, 21]",47.0,0
569,2023-03-31 08:40:27.792588,checkout/cart/products,"[30, 12, 51]",31.0,1
5442,2023-04-04 12:23:27.792588,cart/checkout/products,"[80, 95, 76]",83.66666666666667,1
1895,2023-04-04 04:51:27.792588,checkout/products/cart,"[93, 50, 72]",71.66666666666667,0
2733,2023-03-31 11:09:27.792588,products/home/cart,"[37, 5, 23]",21.666666666666668,0
3863,2023-04-04 06:22:27.792588,home/checkout/cart,"[35, 84, 18]",45.666666666666664,0
7455,2023-04-02 03:09:27.792588,products/cart/checkout,"[57, 52, 73]",60.666666666666664,1
4014,2023-04-04 14:32:27.792588,checkout/cart/home,"[94, 66, 96]",85.33333333333333,0
1686,2023-04-02 23:35:27.792588,cart/home/checkout,"[70, 68, 74]",70.66666666666667,0
3009,2023-03-31 06:46:27.792588,checkout/home/products,"[67, 77, 37]",60.333333333333336,0
7806,2023-04-05 21:06:27.792588,products/home/checkout,"[45, 93, 52]",63.333333333333336,0
154,2023-03-31 21:33:27.792588,products/cart/checkout,"[17, 77, 81]",58.333333333333336,1
1409,2023-04-06 13:32:27.792588,cart/checkout/products,"[35, 79, 72]",62.0,0
784,2023-04-06 06:23:27.792588,checkout/products/home,"[8, 23, 74]",35.0,1
8096,2023-04-04 00:31:27.792588,products/cart/home,"[86, 17, 27]",43.333333333333336,0
7560,2023-04-05 00:20:27.792588,home/products/cart,"[87, 79, 5]",57.0,0
7343,2023-03-31 19:24:27.792588,cart/home/products,"[92, 58, 75]",75.0,0
7206,2023-04-04 16:13:27.792588,cart/checkout/products,"[93, 89, 19]",67.0,1
5596,2023-04-05 21:39:27.792588,products/cart/home,"[69, 80, 75]",74.66666666666667,0
5801,2023-03-31 08:50:27.792588,checkout/home/products,"[19, 25, 23]",22.333333333333332,0
2806,2023-04-04 21:59:27.792588,cart/home/checkout,"[64, 97, 93]",84.66666666666667,0
537,2023-04-05 20:02:27.792588,products/cart/home,"[37, 53, 39]",43.0,1
5986,2023-04-05 20:51:27.792588,home/products/cart,"[48, 94, 15]",52.333333333333336,0
1841,2023-04-02 18:02:27.792588,checkout/home/products,"[76, 82, 78]",78.66666666666667,1
8716,2023-04-05 15:45:27.792588,products/home/checkout,"[70, 50, 13]",44.333333333333336,0
6971,2023-03-31 16:18:27.792588,checkout/home/cart,"[7, 89, 30]",42.0,0
5625,2023-04-06 06:01:27.792588,home/cart/products,"[76, 52, 70]",66.0,0
2950,2023-04-05 13:49:27.792588,checkout/cart/home,"[74, 32, 97]",67.66666666666667,0
7992,2023-03-31 10:38:27.792588,checkout/home/products,"[30, 29, 16]",25.0,0
4780,2023-04-02 11:31:27.792588,cart/checkout/products,"[9, 52, 41]",34.0,0
2368,2023-04-03 17:56:27.792588,checkout/home/products,"[83, 48, 19]",50.0,0
6655,2023-04-04 12:54:27.792588,checkout/home/cart,"[47, 52, 91]",63.333333333333336,1
8173,2023-04-04 12:55:27.792588,checkout/products/home,"[74, 50, 47]",57.0,0
4495,2023-04-06 04:46:27.792588,products/cart/checkout,"[25, 27, 84]",45.333333333333336,1
9163,2023-04-01 04:52:27.792588,checkout/home/cart,"[51, 19, 29]",33.0,0
6002,2023-03-31 02:04:27.792588,home/cart/checkout,"[40, 79, 55]",58.0,0
6614,2023-03-31 11:10:27.792588,products/checkout/home,"[19, 72, 25]",38.666666666666664,0
9358,2023-04-03 19:11:27.792588,home/cart/products,"[17, 90, 23]",43.333333333333336,0
5919,2023-03-31 01:05:27.792588,cart/checkout/home,"[38, 82, 72]",64.0,0
853,2023-03-31 00:52:27.792588,cart/products/checkout,"[56, 31, 33]",40.0,0
4146,2023-04-05 00:46:27.792588,cart/checkout/home,"[32, 39, 12]",27.666666666666668,0
3769,2023-04-04 05:02:27.792588,cart/products/checkout,"[20, 40, 34]",31.333333333333332,0
574,2023-03-30 17:54:27.792588,home/products/cart,"[22, 6, 53]",27.0,1
1148,2023-03-30 19:25:27.792588,home/products/checkout,"[81, 8, 94]",61.0,1
6293,2023-03-31 04:16:27.792588,home/checkout/products,"[93, 98, 79]",90.0,0
6457,2023-04-04 23:57:27.792588,checkout/cart/home,"[11, 99, 78]",62.666666666666664,0
7509,2023-04-03 03:57:27.792588,checkout/cart/products,"[43, 17, 35]",31.666666666666668,0
9907,2023-04-01 04:00:27.792588,home/checkout/cart,"[75, 67, 60]",67.33333333333333,0
4777,2023-04-04 16:49:27.792588,cart/checkout/home,"[46, 65, 46]",52.333333333333336,0
3854,2023-04-06 00:13:27.792588,home/checkout/cart,"[60, 40, 88]",62.666666666666664,0
2491,2023-03-31 17:04:27.792588,cart/products/checkout,"[72, 11, 58]",47.0,0
3124,2023-04-06 11:51:27.792588,cart/home/checkout,"[5, 48, 49]",34.0,0
5691,2023-04-05 09:23:27.792588,cart/products/home,"[51, 17, 26]",31.333333333333332,0
3051,2023-04-03 15:58:27.792588,products/home/checkout,"[25, 90, 96]",70.33333333333333,1
4,2023-04-03 04:46:27.792588,home/checkout/cart,"[13, 30, 13]",18.666666666666668,1
5222,2023-04-04 01:24:27.792588,products/checkout/cart,"[19, 14, 92]",41.666666666666664,0
5315,2023-04-02 10:22:27.792588,products/home/cart,"[46, 76, 28]",50.0,1
4869,2023-04-04 06:11:27.792588,home/products/checkout,"[84, 53, 30]",55.666666666666664,1
876,2023-04-03 13:30:27.792588,home/products/cart,"[95, 41, 72]",69.33333333333333,0
9183,2023-04-02 19:57:27.792588,cart/home/checkout,"[54, 28, 23]",35.0,0
7027,2023-04-06 13:43:27.792588,checkout/home/products,"[64, 43, 78]",61.666666666666664,0
4142,2023-03-31 16:01:27.792588,products/home/checkout,"[93, 22, 23]",46.0,1
6966,2023-03-31 05:35:27.792588,checkout/products/home,"[40, 78, 59]",59.0,1
7079,2023-04-02 01:25:27.792588,checkout/cart/products,"[73, 51, 53]",59.0,0
7987,2023-04-05 01:40:27.792588,products/home/checkout,"[37, 25, 85]",49.0,0
6799,2023-04-05 21:52:27.792588,cart/home/checkout,"[26, 52, 41]",39.666666666666664,0
4465,2023-04-01 08:55:27.792588,home/checkout/products,"[19, 39, 96]",51.333333333333336,0
635,2023-04-01 04:41:27.792588,products/home/cart,"[75, 36, 15]",42.0,0
1693,2023-04-05 03:00:27.792588,checkout/home/cart,"[14, 77, 82]",57.666666666666664,1
9874,2023-04-06 08:11:27.792588,checkout/home/products,"[81, 61, 29]",57.0,0
4752,2023-04-01 20:30:27.792588,home/checkout/cart,"[6, 68, 39]",37.666666666666664,1
8311,2023-04-05 18:17:27.792588,cart/home/products,"[11, 89, 22]",40.666666666666664,1
830,2023-04-03 02:27:27.792588,checkout/products/cart,"[71, 46, 43]",53.333333333333336,1
5177,2023-04-04 06:43:27.792588,cart/home/products,"[45, 79, 28]",50.666666666666664,0
9561,2023-04-02 19:28:27.792588,products/cart/home,"[64, 50, 23]",45.666666666666664,0
8932,2023-04-01 01:43:27.792588,home/checkout/products,"[72, 94, 46]",70.66666666666667,0
8308,2023-04-05 05:05:27.792588,home/cart/products,"[36, 43, 40]",39.666666666666664,0
5949,2023-04-06 03:08:27.792588,home/cart/checkout,"[40, 7, 77]",41.333333333333336,0
2838,2023-04-04 06:08:27.792588,checkout/products/home,"[12, 74, 45]",43.666666666666664,0
1150,2023-04-05 16:01:27.792588,checkout/home/products,"[72, 17, 53]",47.333333333333336,0
7560,2023-04-03 03:17:27.792588,home/cart/checkout,"[64, 6, 64]",44.666666666666664,0
1931,2023-03-31 16:38:27.792588,home/checkout/products,"[9, 48, 31]",29.333333333333332,0
9204,2023-04-04 01:39:27.792588,checkout/home/cart,"[36, 25, 12]",24.333333333333332,0
1664,2023-03-31 22:07:27.792588,checkout/cart/products,"[76, 54, 71]",67.0,1
1081,2023-04-02 14:31:27.792588,checkout/cart/home,"[48, 62, 7]",39.0,1
512,2023-04-03 00:37:27.792588,products/checkout/cart,"[90, 74, 6]",56.666666666666664,0
7805,2023-04-05 23:18:27.792588,checkout/cart/home,"[91, 48, 6]",48.333333333333336,0
5237,2023-04-04 04:12:27.792588,cart/checkout/products,"[85, 39, 91]",71.66666666666667,0
559,2023-04-03 17:47:27.792588,cart/home/products,"[34, 12, 26]",24.0,0
3672,2023-04-03 20:39:27.792588,checkout/home/products,"[48, 62, 40]",50.0,0
7404,2023-04-05 21:00:27.792588,home/checkout/cart,"[73, 81, 97]",83.66666666666667,1
3343,2023-04-01 12:01:27.792588,home/checkout/cart,"[35, 51, 59]",48.333333333333336,0
4070,2023-03-31 05:54:27.792588,products/cart/home,"[84, 66, 34]",61.333333333333336,0
9662,2023-04-04 20:50:27.792588,checkout/products/home,"[59, 20, 16]",31.666666666666668,0
580,2023-04-01 12:07:27.792588,cart/checkout/home,"[21, 20, 16]",19.0,0
7004,2023-04-06 11:07:27.792588,products/cart/checkout,"[12, 88, 7]",35.666666666666664,0
8130,2023-04-01 07:24:27.792588,home/cart/checkout,"[20, 34, 27]",27.0,0
3147,2023-04-02 21:55:27.792588,home/cart/products,"[96, 9, 88]",64.33333333333333,0
4249,2023-04-02 13:19:27.792588,cart/home/checkout,"[69, 34, 25]",42.666666666666664,0
1679,2023-04-04 19:25:27.792588,checkout/cart/products,"[88, 74, 26]",62.666666666666664,0
3506,2023-04-03 13:11:27.792588,cart/products/home,"[86, 76, 36]",66.0,0
7253,2023-04-03 19:13:27.792588,cart/home/products,"[37, 20, 80]",45.666666666666664,0
2744,2023-04-02 05:00:27.792588,products/cart/home,"[42, 18, 40]",33.333333333333336,1
9435,2023-04-03 03:21:27.792588,home/cart/products,"[27, 70, 89]",62.0,0
5188,2023-04-02 05:06:27.792588,cart/products/checkout,"[6, 95, 77]",59.333333333333336,0
2141,2023-04-05 23:21:27.792588,checkout/products/cart,"[69, 79, 71]",73.0,0
6617,2023-04-04 18:19:27.792588,home/checkout/cart,"[56, 66, 27]",49.666666666666664,0
2479,2023-04-04 11:25:27.792588,checkout/home/cart,"[30, 72, 86]",62.666666666666664,0
6484,2023-04-02 14:45:27.792588,products/checkout/cart,"[59, 10, 39]",36.0,0
9827,2023-04-05 13:56:27.792588,products/home/cart,"[26, 47, 19]",30.666666666666668,1
7421,2023-03-31 13:31:27.792588,products/home/cart,"[90, 64, 16]",56.666666666666664,0
9949,2023-04-01 15:44:27.792588,cart/home/products,"[53, 46, 42]",47.0,0
4452,2023-03-31 06:30:27.792588,home/checkout/products,"[86, 49, 39]",58.0,0
5881,2023-04-03 00:59:27.792588,home/cart/products,"[34, 92, 34]",53.333333333333336,1
6665,2023-04-02 17:57:27.792588,home/cart/products,"[82, 10, 71]",54.333333333333336,0
2849,2023-04-04 19:37:27.792588,checkout/products/home,"[84, 11, 56]",50.333333333333336,0
7390,2023-04-01 08:31:27.792588,home/products/cart,"[18, 77, 19]",38.0,0
6905,2023-04-01 14:32:27.792588,checkout/cart/products,"[25, 39, 70]",44.666666666666664,0
2489,2023-04-01 16:42:27.792588,home/checkout/products,"[95, 6, 39]",46.666666666666664,0
9823,2023-04-01 22:01:27.792588,home/checkout/products,"[86, 82, 24]",64.0,0
9207,2023-04-01 19:32:27.792588,products/checkout/cart,"[86, 14, 29]",43.0,0
9540,2023-04-03 00:10:27.792588,checkout/home/products,"[70, 29, 58]",52.333333333333336,0
4611,2023-04-01 08:26:27.792588,products/home/checkout,"[37, 40, 99]",58.666666666666664,0
2839,2023-04-02 08:49:27.792588,checkout/cart/home,"[18, 69, 84]",57.0,0
8527,2023-04-02 18:54:27.792588,cart/checkout/products,"[58, 56, 7]",40.333333333333336,1
5878,2023-04-05 17:34:27.792588,checkout/cart/products,"[45, 10, 29]",28.0,0
9087,2023-04-02 04:35:27.792588,home/cart/products,"[17, 12, 25]",18.0,0
6303,2023-04-02 14:04:27.792588,products/home/cart,"[72, 29, 83]",61.333333333333336,0
851,2023-04-03 01:29:27.792588,cart/checkout/home,"[72, 49, 64]",61.666666666666664,0
1687,2023-04-02 01:09:27.792588,products/cart/home,"[16, 36, 96]",49.333333333333336,1
6833,2023-04-06 12:36:27.792588,cart/products/checkout,"[17, 35, 82]",44.666666666666664,0
2427,2023-03-31 08:26:27.792588,cart/home/checkout,"[24, 22, 97]",47.666666666666664,0
9760,2023-04-01 02:29:27.792588,checkout/cart/products,"[64, 67, 10]",47.0,0
4000,2023-04-04 09:06:27.792588,cart/products/checkout,"[36, 97, 47]",60.0,0
5052,2023-04-01 12:04:27.792588,home/checkout/products,"[6, 64, 27]",32.333333333333336,0
2738,2023-04-02 08:26:27.792588,products/home/checkout,"[87, 35, 9]",43.666666666666664,0
5732,2023-04-03 11:33:27.792588,products/checkout/home,"[87, 38, 14]",46.333333333333336,0
5387,2023-03-31 18:24:27.792588,products/checkout/home,"[93, 6, 15]",38.0,1
8002,2023-04-05 10:06:27.792588,home/checkout/cart,"[54, 35, 60]",49.666666666666664,0
5536,2023-04-04 23:36:27.792588,cart/checkout/products,"[83, 77, 91]",83.66666666666667,1
3913,2023-04-06 12:09:27.792588,cart/products/checkout,"[87, 13, 25]",41.666666666666664,1
1066,2023-04-03 09:34:27.792588,cart/checkout/products,"[77, 32, 66]",58.333333333333336,1
7723,2023-04-04 03:32:27.792588,products/cart/checkout,"[11, 84, 20]",38.333333333333336,0
4380,2023-04-05 13:08:27.792588,home/products/checkout,"[8, 8, 44]",20.0,0
4107,2023-04-03 08:23:27.792588,checkout/cart/home,"[21, 56, 97]",58.0,1
5726,2023-04-03 11:03:27.792588,checkout/home/products,"[56, 40, 42]",46.0,0
3373,2023-03-31 06:27:27.792588,products/cart/checkout,"[54, 67, 67]",62.666666666666664,0
8945,2023-04-02 16:19:27.792588,products/cart/checkout,"[66, 11, 31]",36.0,1
2082,2023-03-31 09:20:27.792588,cart/home/checkout,"[96, 90, 18]",68.0,1
8967,2023-04-06 10:19:27.792588,products/checkout/cart,"[75, 90, 9]",58.0,0
6748,2023-04-05 08:44:27.792588,products/checkout/cart,"[59, 6, 66]",43.666666666666664,0
9817,2023-04-01 12:36:27.792588,products/home/cart,"[95, 25, 83]",67.66666666666667,0
417,2023-04-06 07:31:27.792588,cart/home/checkout,"[25, 14, 91]",43.333333333333336,1
8306,2023-04-02 14:11:27.792588,products/checkout/home,"[62, 43, 9]",38.0,1
8808,2023-04-05 10:00:27.792588,products/home/cart,"[69, 17, 89]",58.333333333333336,0
3974,2023-04-01 21:25:27.792588,checkout/cart/home,"[94, 89, 57]",80.0,0
3267,2023-04-01 02:27:27.792588,products/cart/home,"[86, 49, 36]",57.0,1
825,2023-04-04 09:18:27.792588,products/cart/checkout,"[40, 85, 64]",63.0,0
7668,2023-04-01 05:22:27.792588,products/cart/home,"[15, 67, 25]",35.666666666666664,0
5745,2023-04-01 08:29:27.792588,cart/home/checkout,"[56, 59, 30]",48.333333333333336,1
9708,2023-03-31 23:20:27.792588,cart/products/home,"[72, 38, 56]",55.333333333333336,0
412,2023-04-01 02:16:27.792588,checkout/cart/home,"[86, 97, 56]",79.66666666666667,0
7543,2023-04-05 21:57:27.792588,checkout/products/cart,"[33, 42, 46]",40.333333333333336,0
7587,2023-04-04 20:22:27.792588,home/checkout/cart,"[25, 46, 17]",29.333333333333332,0
728,2023-04-03 03:24:27.792588,checkout/products/home,"[68, 21, 13]",34.0,1
7164,2023-04-06 11:59:27.792588,checkout/cart/products,"[45, 5, 6]",18.666666666666668,0
8867,2023-04-05 12:07:27.792588,products/cart/home,"[64, 52, 33]",49.666666666666664,1
5988,2023-04-01 18:32:27.792588,cart/home/products,"[14, 62, 64]",46.666666666666664,0
2504,2023-04-01 09:50:27.792588,products/cart/checkout,"[25, 32, 79]",45.333333333333336,0
2967,2023-03-31 05:48:27.792588,checkout/home/cart,"[38, 12, 63]",37.666666666666664,0
2786,2023-04-03 14:47:27.792588,checkout/products/cart,"[90, 76, 53]",73.0,0
1122,2023-04-03 10:04:27.792588,products/cart/home,"[83, 21, 64]",56.0,0
4079,2023-04-06 07:12:27.792588,products/cart/checkout,"[91, 92, 49]",77.33333333333333,0
1571,2023-03-31 19:41:27.792588,checkout/products/cart,"[87, 73, 36]",65.33333333333333,0
5073,2023-04-02 08:21:27.792588,products/home/checkout,"[48, 69, 91]",69.33333333333333,0
5104,2023-04-05 12:54:27.792588,products/home/cart,"[12, 81, 76]",56.333333333333336,1
2143,2023-04-06 09:07:27.792588,home/checkout/products,"[91, 47, 5]",47.666666666666664,0
9879,2023-04-05 11:25:27.792588,cart/checkout/home,"[55, 28, 28]",37.0,1
6806,2023-03-30 23:43:27.792588,home/cart/products,"[21, 9, 24]",18.0,0
7357,2023-04-01 08:27:27.792588,checkout/cart/products,"[25, 62, 35]",40.666666666666664,0
3440,2023-04-05 05:40:27.792588,checkout/products/cart,"[15, 56, 19]",30.0,0
3766,2023-03-31 02:02:27.792588,home/checkout/products,"[87, 11, 32]",43.333333333333336,0
5644,2023-04-04 15:31:27.792588,checkout/home/products,"[55, 62, 9]",42.0,0
2914,2023-04-01 09:45:27.792588,cart/products/home,"[9, 98, 12]",39.666666666666664,1
4968,2023-04-04 17:42:27.792588,checkout/cart/home,"[68, 14, 42]",41.333333333333336,1
5917,2023-04-06 11:41:27.792588,home/cart/checkout,"[96, 85, 99]",93.33333333333333,0
8787,2023-04-04 09:40:27.792588,home/cart/products,"[12, 29, 77]",39.333333333333336,0
728,2023-03-31 03:43:27.792588,home/checkout/products,"[70, 83, 54]",69.0,1
1365,2023-04-04 04:48:27.792588,checkout/cart/home,"[71, 53, 40]",54.666666666666664,0
4492,2023-04-02 08:15:27.792588,checkout/products/home,"[72, 82, 45]",66.33333333333333,1
698,2023-04-02 22:22:27.792588,products/home/cart,"[93, 66, 14]",57.666666666666664,1
7186,2023-04-03 03:06:27.792588,checkout/cart/products,"[25, 40, 16]",27.0,1
395,2023-04-05 06:52:27.792588,checkout/cart/home,"[95, 6, 17]",39.333333333333336,0
7400,2023-04-01 15:53:27.792588,cart/checkout/products,"[57, 36, 99]",64.0,0
8082,2023-04-05 04:55:27.792588,checkout/cart/products,"[20, 36, 36]",30.666666666666668,0
4171,2023-04-01 14:17:27.792588,checkout/home/cart,"[15, 14, 19]",16.0,0
4360,2023-04-02 19:28:27.792588,checkout/products/cart,"[21, 44, 22]",29.0,1
2502,2023-04-05 15:07:27.792588,home/cart/products,"[59, 77, 29]",55.0,0
717,2023-04-05 07:52:27.792588,home/checkout/cart,"[63, 82, 93]",79.33333333333333,0
2782,2023-04-06 02:24:27.792588,checkout/cart/products,"[26, 34, 88]",49.333333333333336,1
4946,2023-04-01 16:46:27.792588,products/cart/checkout,"[89, 48, 36]",57.666666666666664,1
5486,2023-04-01 07:17:27.792588,products/checkout/home,"[55, 50, 25]",43.333333333333336,1
8335,2023-04-01 09:49:27.792588,home/checkout/products,"[36, 98, 43]",59.0,1
4980,2023-03-30 23:43:27.792588,home/checkout/products,"[16, 51, 22]",29.666666666666668,0
7266,2023-04-05 12:05:27.792588,cart/checkout/home,"[25, 17, 25]",22.333333333333332,0
4491,2023-04-01 16:44:27.792588,cart/products/checkout,"[12, 50, 11]",24.333333333333332,1
7192,2023-04-01 18:43:27.792588,checkout/products/cart,"[27, 79, 90]",65.33333333333333,0
5588,2023-04-01 18:14:27.792588,checkout/products/cart,"[26, 93, 26]",48.333333333333336,0
7651,2023-04-04 21:42:27.792588,cart/checkout/home,"[96, 33, 17]",48.666666666666664,0
3636,2023-04-02 15:54:27.792588,checkout/products/cart,"[86, 6, 33]",41.666666666666664,0
1167,2023-04-04 03:48:27.792588,home/cart/checkout,"[89, 83, 56]",76.0,1
1062,2023-04-01 03:35:27.792588,checkout/products/cart,"[31, 54, 99]",61.333333333333336,0
2156,2023-04-04 10:26:27.792588,cart/checkout/products,"[83, 27, 92]",67.33333333333333,0
7860,2023-04-05 11:14:27.792588,products/checkout/cart,"[48, 81, 26]",51.666666666666664,0
5161,2023-04-02 10:59:27.792588,checkout/products/cart,"[47, 41, 65]",51.0,0
5305,2023-04-03 10:21:27.792588,home/checkout/products,"[60, 7, 67]",44.666666666666664,0
6541,2023-03-30 17:53:27.792588,products/checkout/home,"[23, 27, 33]",27.666666666666668,0
4729,2023-04-02 01:20:27.792588,cart/home/products,"[34, 43, 29]",35.333333333333336,1
9348,2023-04-03 01:50:27.792588,products/home/checkout,"[12, 62, 20]",31.333333333333332,0
7330,2023-04-02 09:27:27.792588,home/checkout/cart,"[76, 5, 9]",30.0,0
5334,2023-04-03 16:58:27.792588,home/products/cart,"[7, 69, 8]",28.0,0
8924,2023-04-02 03:18:27.792588,cart/home/checkout,"[68, 93, 14]",58.333333333333336,0
4330,2023-04-01 01:48:27.792588,home/checkout/products,"[25, 50, 95]",56.666666666666664,0
8010,2023-04-01 13:46:27.792588,checkout/products/cart,"[31, 70, 45]",48.666666666666664,1
6801,2023-04-04 01:10:27.792588,products/home/cart,"[17, 13, 40]",23.333333333333332,0
4846,2023-03-30 16:30:27.792588,checkout/home/cart,"[90, 94, 62]",82.0,1
6731,2023-04-03 11:34:27.792588,checkout/home/cart,"[58, 16, 85]",53.0,0
7241,2023-04-05 10:32:27.792588,home/checkout/products,"[82, 18, 38]",46.0,0
953,2023-04-06 10:57:27.792588,home/checkout/cart,"[57, 24, 79]",53.333333333333336,0
2539,2023-04-03 19:11:27.792588,home/cart/products,"[20, 99, 74]",64.33333333333333,1
7056,2023-04-02 00:10:27.792588,checkout/home/cart,"[60, 87, 62]",69.66666666666667,0
1542,2023-04-01 00:38:27.792588,home/checkout/products,"[8, 8, 24]",13.333333333333334,0
5293,2023-04-05 02:42:27.792588,products/checkout/home,"[14, 28, 30]",24.0,0
1191,2023-04-02 02:25:27.792588,checkout/products/cart,"[41, 89, 58]",62.666666666666664,0
6313,2023-04-04 22:23:27.792588,checkout/home/cart,"[25, 78, 42]",48.333333333333336,0
6938,2023-04-02 09:24:27.792588,home/cart/checkout,"[50, 8, 64]",40.666666666666664,0
2681,2023-04-01 23:01:27.792588,cart/products/home,"[61, 49, 24]",44.666666666666664,0
9409,2023-04-04 19:49:27.792588,cart/home/products,"[21, 75, 8]",34.666666666666664,0
1540,2023-03-31 08:47:27.792588,home/cart/checkout,"[97, 18, 7]",40.666666666666664,0
6172,2023-04-01 20:55:27.792588,cart/home/products,"[92, 84, 62]",79.33333333333333,1
5541,2023-03-31 22:37:27.792588,cart/products/home,"[59, 8, 28]",31.666666666666668,1
9580,2023-04-06 11:05:27.792588,checkout/home/products,"[38, 34, 86]",52.666666666666664,1
1365,2023-04-03 23:13:27.792588,checkout/cart/home,"[23, 35, 64]",40.666666666666664,0
8691,2023-04-01 16:06:27.792588,products/home/cart,"[64, 23, 53]",46.666666666666664,0
9872,2023-04-04 12:45:27.792588,cart/home/checkout,"[67, 87, 26]",60.0,0
8702,2023-03-31 10:13:27.792588,checkout/cart/products,"[28, 80, 34]",47.333333333333336,0
7494,2023-03-30 20:18:27.792588,home/products/cart,"[62, 35, 68]",55.0,0
4312,2023-04-05 21:18:27.792588,products/checkout/home,"[23, 52, 49]",41.333333333333336,0
1324,2023-03-30 22:58:27.792588,checkout/cart/products,"[98, 59, 59]",72.0,0
9347,2023-04-03 00:13:27.792588,checkout/products/cart,"[22, 67, 96]",61.666666666666664,0
3141,2023-04-01 22:50:27.792588,home/cart/checkout,"[51, 79, 61]",63.666666666666664,1
7419,2023-03-31 08:16:27.792588,products/checkout/cart,"[49, 37, 21]",35.666666666666664,0
3486,2023-04-05 11:42:27.792588,home/checkout/products,"[74, 8, 24]",35.333333333333336,0
1810,2023-04-01 15:29:27.792588,checkout/products/home,"[51, 95, 19]",55.0,0
6588,2023-04-03 23:07:27.792588,checkout/cart/home,"[74, 51, 82]",69.0,0
2923,2023-04-04 21:23:27.792588,cart/products/home,"[79, 13, 94]",62.0,0
5301,2023-04-01 14:49:27.792588,checkout/products/home,"[20, 73, 65]",52.666666666666664,1
4186,2023-03-31 15:26:27.792588,home/checkout/cart,"[14, 54, 7]",25.0,1
8905,2023-04-05 22:42:27.792588,home/products/checkout,"[81, 98, 74]",84.33333333333333,0
5977,2023-04-05 20:17:27.792588,home/cart/products,"[85, 55, 23]",54.333333333333336,1
4268,2023-04-05 22:10:27.792588,products/cart/checkout,"[46, 39, 50]",45.0,1
4748,2023-04-02 22:25:27.792588,home/products/cart,"[30, 73, 97]",66.66666666666667,1
4849,2023-03-31 15:22:27.792588,cart/checkout/home,"[68, 41, 88]",65.66666666666667,1
9435,2023-04-01 18:50:27.792588,home/products/cart,"[53, 25, 78]",52.0,0
3709,2023-03-31 16:13:27.792588,cart/checkout/products,"[68, 9, 74]",50.333333333333336,0
9273,2023-04-02 22:15:27.792588,home/cart/checkout,"[94, 8, 43]",48.333333333333336,0
6619,2023-03-31 00:40:27.792588,checkout/home/cart,"[39, 5, 28]",24.0,0
8647,2023-04-06 00:40:27.792588,home/checkout/cart,"[61, 74, 45]",60.0,1
9086,2023-04-03 06:45:27.792588,home/checkout/products,"[58, 50, 64]",57.333333333333336,0
9576,2023-04-03 07:17:27.792588,home/products/cart,"[64, 61, 35]",53.333333333333336,1
3072,2023-04-01 08:36:27.792588,checkout/cart/home,"[88, 28, 93]",69.66666666666667,1
6530,2023-03-31 19:11:27.792588,cart/checkout/products,"[40, 89, 34]",54.333333333333336,1
504,2023-04-02 16:40:27.792588,cart/home/products,"[28, 34, 90]",50.666666666666664,1
1214,2023-04-04 01:57:27.792588,cart/home/products,"[96, 11, 39]",48.666666666666664,0
1531,2023-04-03 01:50:27.792588,cart/home/products,"[59, 96, 18]",57.666666666666664,0
7576,2023-04-01 18:46:27.792588,checkout/products/home,"[14, 84, 20]",39.333333333333336,0
823,2023-03-31 18:49:27.792588,home/products/cart,"[58, 99, 93]",83.33333333333333,0
928,2023-04-05 22:16:27.792588,home/checkout/products,"[81, 74, 48]",67.66666666666667,0
5029,2023-04-05 16:15:27.792588,checkout/products/home,"[77, 49, 60]",62.0,0
133,2023-04-02 17:14:27.792588,checkout/home/products,"[88, 86, 61]",78.33333333333333,1
2105,2023-04-06 04:07:27.792588,products/cart/home,"[25, 72, 54]",50.333333333333336,0
3627,2023-03-31 10:39:27.792588,checkout/products/home,"[37, 95, 11]",47.666666666666664,0
6316,2023-04-04 10:47:27.792588,checkout/cart/products,"[74, 19, 86]",59.666666666666664,0
1852,2023-03-30 22:17:27.792588,products/cart/checkout,"[36, 79, 24]",46.333333333333336,0
4910,2023-04-06 08:01:27.792588,cart/products/home,"[92, 19, 52]",54.333333333333336,0
4175,2023-03-31 08:36:27.792588,checkout/cart/home,"[75, 25, 46]",48.666666666666664,1
5348,2023-04-03 23:59:27.792588,home/cart/checkout,"[30, 18, 61]",36.333333333333336,0
9442,2023-04-04 11:30:27.792588,cart/home/checkout,"[41, 62, 25]",42.666666666666664,1
6190,2023-04-01 11:14:27.792588,cart/products/home,"[86, 73, 7]",55.333333333333336,0
1256,2023-04-02 16:03:27.792588,checkout/home/cart,"[91, 94, 41]",75.33333333333333,1
3376,2023-04-04 08:23:27.792588,products/checkout/home,"[92, 53, 23]",56.0,0
5645,2023-04-02 01:09:27.792588,checkout/cart/home,"[93, 89, 16]",66.0,0
3486,2023-04-03 14:38:27.792588,checkout/home/products,"[65, 45, 37]",49.0,0
3584,2023-03-31 17:07:27.792588,products/cart/home,"[54, 72, 75]",67.0,1
9588,2023-04-04 18:02:27.792588,cart/checkout/products,"[90, 37, 85]",70.66666666666667,0
8053,2023-04-04 02:32:27.792588,home/checkout/products,"[28, 65, 65]",52.666666666666664,0
3330,2023-03-30 17:49:27.792588,home/cart/products,"[32, 62, 47]",47.0,1
2703,2023-03-31 05:31:27.792588,checkout/cart/home,"[45, 43, 90]",59.333333333333336,1
8662,2023-04-03 08:49:27.792588,home/cart/checkout,"[53, 21, 74]",49.333333333333336,0
8120,2023-03-30 16:01:27.792588,cart/checkout/products,"[74, 69, 78]",73.66666666666667,1
7114,2023-04-02 14:12:27.792588,home/cart/checkout,"[89, 9, 6]",34.666666666666664,0
1353,2023-04-01 09:22:27.792588,home/checkout/cart,"[26, 61, 70]",52.333333333333336,0
5063,2023-04-02 09:17:27.792588,cart/checkout/products,"[78, 20, 55]",51.0,0
8549,2023-04-06 01:01:27.792588,cart/products/checkout,"[43, 90, 80]",71.0,1
7575,2023-04-04 23:04:27.792588,checkout/products/cart,"[92, 44, 42]",59.333333333333336,1
667,2023-04-05 01:00:27.792588,cart/products/home,"[64, 63, 14]",47.0,0
4468,2023-04-04 10:38:27.792588,cart/products/checkout,"[68, 67, 53]",62.666666666666664,0
9337,2023-04-01 20:43:27.792588,checkout/products/cart,"[68, 36, 11]",38.333333333333336,0
6819,2023-04-02 22:00:27.792588,products/home/checkout,"[25, 24, 30]",26.333333333333332,1
3719,2023-04-01 15:44:27.792588,products/cart/home,"[72, 90, 19]",60.333333333333336,1
2745,2023-04-01 11:16:27.792588,home/products/checkout,"[89, 83, 90]",87.33333333333333,0
7483,2023-03-30 20:53:27.792588,products/home/cart,"[96, 18, 31]",48.333333333333336,1
539,2023-04-03 00:23:27.792588,checkout/cart/products,"[44, 62, 32]",46.0,1
4964,2023-04-06 04:06:27.792588,home/cart/checkout,"[30, 67, 70]",55.666666666666664,0
4835,2023-04-03 13:49:27.792588,checkout/home/products,"[29, 7, 76]",37.333333333333336,0
3775,2023-04-01 18:37:27.792588,cart/checkout/products,"[48, 46, 10]",34.666666666666664,0
6042,2023-03-31 15:11:27.792588,products/home/checkout,"[43, 56, 27]",42.0,0
7102,2023-04-03 06:09:27.792588,checkout/home/products,"[93, 54, 47]",64.66666666666667,0
7312,2023-04-03 02:49:27.792588,products/checkout/cart,"[23, 73, 55]",50.333333333333336,0
5320,2023-04-05 22:50:27.792588,cart/checkout/home,"[15, 16, 78]",36.333333333333336,1
6132,2023-04-04 10:20:27.792588,home/checkout/cart,"[12, 28, 96]",45.333333333333336,0
7891,2023-04-06 03:01:27.792588,home/cart/checkout,"[45, 40, 89]",58.0,0
2779,2023-04-03 09:37:27.792588,home/checkout/products,"[76, 59, 13]",49.333333333333336,0
924,2023-04-01 22:35:27.792588,checkout/home/cart,"[51, 19, 52]",40.666666666666664,0
1581,2023-04-01 19:58:27.792588,cart/checkout/products,"[86, 46, 64]",65.33333333333333,0
7714,2023-04-03 10:46:27.792588,checkout/products/cart,"[88, 74, 16]",59.333333333333336,0
3324,2023-04-05 03:17:27.792588,home/cart/products,"[6, 11, 84]",33.666666666666664,0
5713,2023-04-06 00:31:27.792588,home/products/checkout,"[7, 7, 31]",15.0,0
7026,2023-04-05 16:17:27.792588,products/cart/home,"[44, 37, 96]",59.0,0
255,2023-04-02 21:50:27.792588,checkout/cart/home,"[5, 12, 36]",17.666666666666668,0
4804,2023-04-06 09:30:27.792588,products/checkout/home,"[52, 8, 98]",52.666666666666664,1
1838,2023-04-02 14:46:27.792588,products/cart/checkout,"[74, 23, 36]",44.333333333333336,0
9,2023-04-05 19:18:27.792588,home/cart/checkout,"[13, 16, 15]",14.666666666666666,0
2871,2023-04-02 20:29:27.792588,cart/home/products,"[50, 20, 5]",25.0,1
8989,2023-04-01 07:55:27.792588,checkout/home/products,"[67, 25, 34]",42.0,0
7409,2023-03-31 13:00:27.792588,home/cart/products,"[17, 38, 8]",21.0,0
7418,2023-04-01 19:18:27.792588,cart/checkout/products,"[32, 99, 63]",64.66666666666667,1
5124,2023-03-31 12:06:27.792588,cart/checkout/products,"[31, 73, 29]",44.333333333333336,0
1015,2023-04-04 18:12:27.792588,products/cart/home,"[7, 72, 29]",36.0,0
2193,2023-04-06 13:10:27.792588,home/checkout/cart,"[24, 38, 30]",30.666666666666668,1
8415,2023-04-04 23:09:27.792588,home/cart/checkout,"[9, 65, 96]",56.666666666666664,1
7449,2023-04-02 07:20:27.792588,home/cart/checkout,"[97, 13, 54]",54.666666666666664,1
4158,2023-03-31 19:51:27.792588,cart/products/home,"[10, 87, 64]",53.666666666666664,0
3925,2023-03-31 14:15:27.792588,home/cart/products,"[48, 15, 70]",44.333333333333336,0
6970,2023-04-02 06:21:27.792588,home/checkout/products,"[51, 77, 89]",72.33333333333333,0
6938,2023-04-04 19:15:27.792588,checkout/products/home,"[92, 90, 7]",63.0,0
4784,2023-04-05 16:32:27.792588,cart/home/products,"[80, 96, 34]",70.0,0
4000,2023-04-04 23:17:27.792588,checkout/home/cart,"[94, 25, 32]",50.333333333333336,0
1633,2023-04-01 00:37:27.792588,home/checkout/cart,"[94, 66, 37]",65.66666666666667,1
7266,2023-03-31 23:24:27.792588,checkout/products/cart,"[89, 39, 56]",61.333333333333336,0
8702,2023-04-02 18:50:27.792588,checkout/home/products,"[38, 45, 55]",46.0,0
384,2023-04-06 06:15:27.792588,checkout/products/home,"[51, 86, 62]",66.33333333333333,0
404,2023-04-03 22:44:27.792588,checkout/home/products,"[79, 61, 27]",55.666666666666664,0
8175,2023-04-06 03:30:27.792588,checkout/home/products,"[52, 26, 21]",33.0,0
2000,2023-04-01 13:09:27.792588,checkout/products/home,"[73, 15, 98]",62.0,0
9860,2023-04-03 15:54:27.792588,cart/checkout/home,"[19, 95, 39]",51.0,0
5989,2023-04-05 18:00:27.792588,checkout/products/home,"[37, 88, 20]",48.333333333333336,0
1460,2023-03-31 09:53:27.792588,home/products/checkout,"[38, 70, 44]",50.666666666666664,1
7190,2023-03-30 17:39:27.792588,products/cart/checkout,"[32, 51, 43]",42.0,1
7140,2023-04-03 10:37:27.792588,cart/products/home,"[74, 77, 24]",58.333333333333336,0
3636,2023-04-05 07:30:27.792588,checkout/products/home,"[5, 76, 91]",57.333333333333336,0
4809,2023-04-04 08:27:27.792588,home/cart/checkout,"[67, 71, 8]",48.666666666666664,1
4178,2023-04-06 13:31:27.792588,checkout/home/products,"[62, 29, 51]",47.333333333333336,1
7245,2023-04-02 20:39:27.792588,products/checkout/cart,"[42, 19, 67]",42.666666666666664,0
6600,2023-04-05 00:57:27.792588,home/cart/checkout,"[25, 61, 57]",47.666666666666664,1
5997,2023-04-01 16:35:27.792588,cart/checkout/products,"[50, 18, 80]",49.333333333333336,0
2048,2023-04-04 19:21:27.792588,checkout/cart/home,"[21, 43, 13]",25.666666666666668,1
4780,2023-03-31 21:29:27.792588,cart/checkout/home,"[81, 83, 86]",83.33333333333333,1
716,2023-04-02 02:49:27.792588,checkout/products/cart,"[10, 95, 27]",44.0,0
7939,2023-03-31 09:22:27.792588,products/cart/home,"[63, 95, 50]",69.33333333333333,1
5565,2023-04-05 16:17:27.792588,cart/products/home,"[42, 18, 76]",45.333333333333336,0
4544,2023-04-02 05:40:27.792588,cart/home/products,"[66, 39, 23]",42.666666666666664,1
4976,2023-04-02 22:44:27.792588,home/cart/products,"[34, 82, 88]",68.0,0
3419,2023-04-01 05:39:27.792588,cart/checkout/home,"[29, 44, 92]",55.0,1
7239,2023-04-03 04:46:27.792588,home/products/checkout,"[18, 30, 91]",46.333333333333336,0
9766,2023-03-31 08:37:27.792588,checkout/products/cart,"[26, 52, 87]",55.0,0
249,2023-03-30 16:55:27.792588,checkout/home/products,"[55, 7, 46]",36.0,0
8865,2023-04-01 21:38:27.792588,checkout/products/home,"[23, 77, 32]",44.0,1
770,2023-04-01 21:52:27.792588,home/cart/products,"[88, 49, 75]",70.66666666666667,1
4363,2023-04-05 07:03:27.792588,products/checkout/home,"[82, 67, 77]",75.33333333333333,1
1077,2023-04-05 08:44:27.792588,home/products/cart,"[23, 51, 18]",30.666666666666668,1
8427,2023-04-03 06:24:27.792588,products/checkout/cart,"[42, 57, 65]",54.666666666666664,0
8580,2023-04-03 01:30:27.792588,products/checkout/cart,"[40, 44, 85]",56.333333333333336,0
7901,2023-04-04 01:48:27.792588,products/cart/home,"[34, 13, 68]",38.333333333333336,0
4858,2023-04-01 12:07:27.792588,checkout/products/cart,"[37, 56, 93]",62.0,0
6544,2023-03-31 16:15:27.792588,checkout/cart/products,"[18, 79, 57]",51.333333333333336,0
4719,2023-04-03 08:15:27.792588,checkout/cart/home,"[63, 82, 98]",81.0,0
2814,2023-04-03 17:09:27.792588,products/cart/home,"[45, 72, 72]",63.0,0
3374,2023-04-04 06:18:27.792588,cart/products/home,"[96, 12, 6]",38.0,0
1252,2023-03-31 19:17:27.792588,checkout/products/cart,"[90, 45, 59]",64.66666666666667,0
6996,2023-04-02 01:59:27.792588,cart/products/checkout,"[20, 97, 66]",61.0,0
4673,2023-04-05 14:26:27.792588,cart/checkout/products,"[52, 34, 16]",34.0,1
4530,2023-04-04 22:14:27.792588,checkout/products/home,"[39, 15, 68]",40.666666666666664,1
6881,2023-03-31 05:37:27.792588,products/checkout/cart,"[54, 89, 25]",56.0,1
6949,2023-04-05 16:46:27.792588,cart/home/checkout,"[73, 52, 24]",49.666666666666664,0
9521,2023-03-30 22:26:27.792588,products/cart/home,"[71, 48, 37]",52.0,0
6241,2023-04-01 10:02:27.792588,home/cart/checkout,"[77, 65, 13]",51.666666666666664,1
8017,2023-04-01 23:29:27.792588,home/cart/checkout,"[72, 39, 85]",65.33333333333333,0
6941,2023-04-04 02:07:27.792588,home/checkout/cart,"[92, 69, 12]",57.666666666666664,0
9550,2023-04-05 10:30:27.792588,cart/products/checkout,"[49, 91, 51]",63.666666666666664,0
7002,2023-04-05 09:35:27.792588,cart/checkout/home,"[44, 80, 58]",60.666666666666664,0
1331,2023-03-30 16:03:27.792588,cart/home/products,"[80, 50, 51]",60.333333333333336,0
4261,2023-04-04 05:44:27.792588,products/cart/home,"[19, 23, 30]",24.0,0
7648,2023-04-04 06:00:27.792588,home/checkout/products,"[56, 97, 26]",59.666666666666664,0
9550,2023-04-02 08:55:27.792588,checkout/products/cart,"[25, 55, 42]",40.666666666666664,0
5115,2023-04-05 11:47:27.792588,cart/home/checkout,"[24, 33, 55]",37.333333333333336,0
4637,2023-04-01 20:02:27.792588,cart/checkout/home,"[8, 59, 75]",47.333333333333336,1
4854,2023-04-03 06:18:27.792588,home/checkout/cart,"[96, 32, 8]",45.333333333333336,0
3177,2023-03-31 20:20:27.792588,cart/home/products,"[26, 80, 49]",51.666666666666664,0
7730,2023-04-03 07:22:27.792588,home/cart/checkout,"[71, 90, 70]",77.0,1
2180,2023-04-03 01:43:27.792588,home/checkout/products,"[92, 38, 95]",75.0,0
4892,2023-04-02 05:54:27.792588,cart/checkout/home,"[59, 5, 76]",46.666666666666664,0
7043,2023-04-05 19:50:27.792588,checkout/cart/home,"[91, 42, 10]",47.666666666666664,0
137,2023-04-02 20:36:27.792588,home/checkout/cart,"[90, 29, 86]",68.33333333333333,0
6327,2023-04-04 03:05:27.792588,home/checkout/products,"[21, 65, 16]",34.0,0
3472,2023-04-06 04:48:27.792588,home/checkout/products,"[10, 94, 31]",45.0,1
5449,2023-04-01 09:00:27.792588,products/cart/home,"[12, 87, 69]",56.0,0
2832,2023-04-02 18:41:27.792588,checkout/products/home,"[61, 97, 44]",67.33333333333333,0
3579,2023-04-05 06:43:27.792588,products/cart/home,"[18, 39, 52]",36.333333333333336,0
5971,2023-04-02 19:24:27.792588,checkout/cart/products,"[88, 60, 53]",67.0,0
4164,2023-04-02 18:07:27.792588,checkout/home/cart,"[17, 65, 53]",45.0,0
7941,2023-04-05 13:38:27.792588,cart/checkout/products,"[50, 66, 12]",42.666666666666664,0
5569,2023-04-02 10:36:27.792588,cart/products/checkout,"[47, 24, 94]",55.0,0
4300,2023-04-02 02:32:27.792588,products/checkout/cart,"[43, 89, 53]",61.666666666666664,0
6269,2023-04-01 04:35:27.792588,products/home/checkout,"[68, 66, 58]",64.0,0
3818,2023-04-03 06:16:27.792588,checkout/cart/products,"[13, 92, 41]",48.666666666666664,0
1906,2023-03-31 15:49:27.792588,home/products/checkout,"[53, 45, 21]",39.666666666666664,1
6254,2023-04-03 07:54:27.792588,products/cart/checkout,"[92, 25, 55]",57.333333333333336,0
760,2023-03-30 22:41:27.792588,checkout/home/cart,"[63, 43, 59]",55.0,0
7830,2023-04-03 13:27:27.792588,cart/home/checkout,"[45, 43, 17]",35.0,0
7350,2023-04-03 10:44:27.792588,cart/checkout/products,"[68, 15, 23]",35.333333333333336,1
6238,2023-04-03 14:36:27.792588,cart/checkout/home,"[15, 81, 50]",48.666666666666664,0
6090,2023-04-03 02:22:27.792588,products/cart/checkout,"[49, 5, 44]",32.666666666666664,0
6031,2023-03-31 18:43:27.792588,cart/checkout/products,"[23, 80, 76]",59.666666666666664,1
7687,2023-04-05 16:47:27.792588,checkout/products/cart,"[76, 65, 16]",52.333333333333336,1
9091,2023-03-31 17:48:27.792588,cart/checkout/products,"[65, 37, 49]",50.333333333333336,0
9911,2023-04-01 22:30:27.792588,products/home/cart,"[94, 96, 73]",87.66666666666667,0
8472,2023-04-05 07:43:27.792588,checkout/home/products,"[12, 29, 95]",45.333333333333336,1
1887,2023-04-05 03:08:27.792588,products/checkout/home,"[50, 91, 34]",58.333333333333336,1
3266,2023-03-30 20:29:27.792588,checkout/home/cart,"[51, 91, 53]",65.0,1
666,2023-03-31 11:56:27.792588,home/products/checkout,"[51, 88, 86]",75.0,0
4188,2023-03-31 20:22:27.792588,checkout/products/home,"[22, 70, 72]",54.666666666666664,0
671,2023-04-02 16:36:27.792588,checkout/products/cart,"[98, 37, 40]",58.333333333333336,0
6777,2023-04-02 22:33:27.792588,home/products/cart,"[86, 23, 32]",47.0,1
7570,2023-04-01 19:50:27.792588,checkout/cart/products,"[44, 88, 80]",70.66666666666667,0
7956,2023-04-04 05:13:27.792588,products/home/cart,"[19, 45, 43]",35.666666666666664,0
5124,2023-04-03 10:25:27.792588,home/products/checkout,"[6, 67, 33]",35.333333333333336,1
5585,2023-04-02 16:10:27.792588,products/home/checkout,"[78, 70, 55]",67.66666666666667,0
4777,2023-03-31 03:37:27.792588,products/cart/checkout,"[79, 81, 14]",58.0,1
3900,2023-03-30 23:34:27.792588,home/products/cart,"[18, 86, 55]",53.0,0
6677,2023-04-05 01:35:27.792588,products/checkout/home,"[77, 43, 32]",50.666666666666664,0
6981,2023-04-03 20:18:27.792588,home/products/checkout,"[7, 88, 74]",56.333333333333336,0
6376,2023-04-06 00:30:27.792588,checkout/home/products,"[31, 6, 97]",44.666666666666664,1
523,2023-04-01 05:10:27.792588,products/home/cart,"[42, 7, 20]",23.0,0
2393,2023-04-02 19:22:27.792588,checkout/products/home,"[98, 44, 6]",49.333333333333336,0
2593,2023-04-04 03:13:27.792588,products/home/checkout,"[85, 45, 16]",48.666666666666664,1
9945,2023-04-01 08:38:27.792588,cart/home/products,"[39, 69, 59]",55.666666666666664,0
7240,2023-04-05 12:09:27.792588,checkout/cart/home,"[49, 83, 94]",75.33333333333333,0
6937,2023-04-06 12:34:27.792588,cart/home/products,"[89, 66, 53]",69.33333333333333,0
6190,2023-04-02 06:47:27.792588,products/home/cart,"[99, 29, 27]",51.666666666666664,0
5240,2023-04-05 21:45:27.792588,products/home/checkout,"[28, 42, 32]",34.0,0
6493,2023-03-31 22:28:27.792588,checkout/cart/home,"[25, 58, 22]",35.0,0
2878,2023-04-02 16:27:27.792588,products/cart/home,"[40, 49, 77]",55.333333333333336,0
4143,2023-04-01 12:16:27.792588,checkout/products/home,"[57, 34, 64]",51.666666666666664,0
3644,2023-04-02 04:45:27.792588,home/checkout/products,"[36, 71, 71]",59.333333333333336,0
4432,2023-04-01 02:37:27.792588,products/home/checkout,"[32, 48, 83]",54.333333333333336,0
1276,2023-03-31 06:03:27.792588,checkout/home/products,"[45, 67, 27]",46.333333333333336,0
5811,2023-03-30 19:21:27.792588,products/cart/home,"[79, 52, 36]",55.666666666666664,0
302,2023-04-03 18:04:27.792588,home/products/checkout,"[61, 37, 28]",42.0,0
638,2023-04-05 12:53:27.792588,home/cart/checkout,"[43, 38, 60]",47.0,0
55,2023-04-03 13:00:27.792588,home/checkout/cart,"[32, 41, 11]",28.0,0
8717,2023-04-01 00:27:27.792588,products/home/checkout,"[72, 41, 60]",57.666666666666664,1
8150,2023-04-01 22:05:27.792588,checkout/home/products,"[69, 69, 51]",63.0,0
2125,2023-04-03 22:09:27.792588,home/checkout/products,"[24, 23, 33]",26.666666666666668,1
364,2023-04-03 01:40:27.792588,checkout/cart/home,"[78, 64, 22]",54.666666666666664,1
6809,2023-04-06 04:43:27.792588,checkout/cart/products,"[96, 39, 47]",60.666666666666664,0
4621,2023-04-03 17:14:27.792588,checkout/home/cart,"[99, 95, 15]",69.66666666666667,0
5126,2023-04-03 09:44:27.792588,products/checkout/cart,"[53, 42, 68]",54.333333333333336,0
5122,2023-04-02 19:51:27.792588,cart/home/checkout,"[73, 12, 38]",41.0,1
1646,2023-04-02 10:42:27.792588,checkout/cart/products,"[52, 60, 80]",64.0,0
918,2023-04-05 07:58:27.792588,products/home/checkout,"[69, 35, 8]",37.333333333333336,0
2797,2023-04-03 07:53:27.792588,cart/checkout/home,"[54, 73, 34]",53.666666666666664,0
6506,2023-04-06 01:22:27.792588,home/cart/products,"[92, 63, 71]",75.33333333333333,1
5870,2023-04-05 05:56:27.792588,cart/checkout/home,"[79, 49, 8]",45.333333333333336,1
1531,2023-04-06 02:54:27.792588,checkout/home/products,"[30, 31, 50]",37.0,0
8172,2023-04-05 06:56:27.792588,home/checkout/products,"[68, 95, 55]",72.66666666666667,0
3345,2023-04-04 22:45:27.792588,checkout/cart/products,"[54, 10, 63]",42.333333333333336,0
7673,2023-04-04 11:48:27.792588,checkout/cart/products,"[19, 34, 46]",33.0,0
6949,2023-04-03 21:30:27.792588,home/products/checkout,"[41, 46, 39]",42.0,1
6882,2023-04-05 21:40:27.792588,cart/home/products,"[91, 10, 72]",57.666666666666664,0
1906,2023-04-02 09:56:27.792588,products/checkout/cart,"[22, 77, 33]",44.0,0
3086,2023-04-06 12:34:27.792588,checkout/cart/products,"[81, 63, 51]",65.0,0
8152,2023-04-01 21:07:27.792588,checkout/home/cart,"[21, 26, 72]",39.666666666666664,1
5750,2023-04-01 21:03:27.792588,home/checkout/cart,"[73, 41, 53]",55.666666666666664,1
8905,2023-04-02 11:54:27.792588,checkout/cart/home,"[17, 38, 90]",48.333333333333336,0
1062,2023-04-02 00:08:27.792588,cart/products/checkout,"[57, 91, 55]",67.66666666666667,1
1976,2023-04-03 22:05:27.792588,home/checkout/products,"[7, 46, 36]",29.666666666666668,0
1296,2023-04-03 04:17:27.792588,checkout/home/cart,"[55, 89, 50]",64.66666666666667,0
6229,2023-04-01 19:43:27.792588,home/cart/products,"[25, 48, 15]",29.333333333333332,0
7641,2023-04-03 09:53:27.792588,cart/products/checkout,"[72, 5, 96]",57.666666666666664,0
125,2023-03-31 00:37:27.792588,products/cart/checkout,"[67, 28, 17]",37.333333333333336,0
4632,2023-04-05 11:37:27.792588,home/cart/products,"[15, 55, 21]",30.333333333333332,1
6288,2023-04-01 13:19:27.792588,cart/products/home,"[86, 90, 28]",68.0,0
3596,2023-04-05 12:32:27.792588,cart/home/checkout,"[23, 41, 89]",51.0,0
6168,2023-04-05 05:06:27.792588,home/cart/checkout,"[12, 32, 9]",17.666666666666668,0
9795,2023-04-03 12:08:27.792588,checkout/home/products,"[21, 40, 23]",28.0,0
7561,2023-04-03 05:24:27.792588,products/home/checkout,"[68, 95, 15]",59.333333333333336,1
8258,2023-04-05 23:50:27.792588,checkout/home/cart,"[58, 49, 51]",52.666666666666664,0
232,2023-04-04 23:29:27.792588,products/cart/home,"[16, 25, 15]",18.666666666666668,0
9361,2023-04-01 00:50:27.792588,products/home/checkout,"[96, 9, 85]",63.333333333333336,1
6371,2023-03-30 16:05:27.792588,cart/home/products,"[60, 24, 45]",43.0,0
4206,2023-04-02 22:26:27.792588,cart/products/home,"[50, 16, 74]",46.666666666666664,0
9685,2023-04-04 02:00:27.792588,products/home/checkout,"[21, 23, 30]",24.666666666666668,0
7943,2023-04-04 19:44:27.792588,products/home/cart,"[52, 56, 74]",60.666666666666664,0
6891,2023-04-01 23:26:27.792588,home/products/cart,"[59, 79, 37]",58.333333333333336,1
6738,2023-04-05 07:19:27.792588,checkout/products/cart,"[66, 92, 27]",61.666666666666664,1
2472,2023-04-01 06:44:27.792588,products/home/cart,"[19, 31, 79]",43.0,0
2739,2023-04-06 03:32:27.792588,home/checkout/products,"[68, 85, 55]",69.33333333333333,1
5401,2023-04-04 16:16:27.792588,cart/home/checkout,"[57, 82, 95]",78.0,0
1761,2023-04-05 22:17:27.792588,checkout/home/products,"[86, 96, 55]",79.0,0
876,2023-04-03 15:09:27.792588,checkout/home/cart,"[51, 8, 11]",23.333333333333332,0
3812,2023-04-02 10:58:27.792588,products/checkout/home,"[39, 52, 77]",56.0,0
9504,2023-03-31 15:29:27.792588,home/checkout/products,"[76, 49, 85]",70.0,0
1460,2023-04-01 00:48:27.792588,checkout/cart/home,"[85, 76, 23]",61.333333333333336,0
1733,2023-04-05 01:57:27.792588,products/home/checkout,"[67, 42, 71]",60.0,1
1605,2023-04-03 11:56:27.792588,products/cart/home,"[63, 73, 17]",51.0,0
5622,2023-03-31 04:52:27.792588,products/cart/home,"[51, 65, 35]",50.333333333333336,0
6767,2023-03-31 18:32:27.792588,home/products/cart,"[84, 26, 97]",69.0,0
6986,2023-04-03 23:52:27.792588,cart/home/checkout,"[90, 47, 71]",69.33333333333333,0
3517,2023-04-02 20:46:27.792588,checkout/home/products,"[58, 14, 46]",39.333333333333336,0
3735,2023-04-03 18:51:27.792588,cart/checkout/home,"[68, 25, 84]",59.0,0
9352,2023-03-31 15:00:27.792588,home/products/checkout,"[80, 70, 45]",65.0,1
8434,2023-04-06 03:37:27.792588,checkout/home/products,"[28, 39, 60]",42.333333333333336,0
2590,2023-04-03 06:34:27.792588,cart/home/products,"[34, 61, 98]",64.33333333333333,0
1063,2023-04-03 15:04:27.792588,products/cart/checkout,"[51, 39, 23]",37.666666666666664,0
4324,2023-04-03 15:20:27.792588,cart/products/home,"[12, 30, 75]",39.0,0
9111,2023-04-06 00:54:27.792588,home/checkout/products,"[34, 11, 71]",38.666666666666664,0
5342,2023-04-04 20:14:27.792588,checkout/products/cart,"[69, 40, 29]",46.0,1
5,2023-04-03 09:43:27.792588,cart/checkout/products,"[41, 5, 19]",21.666666666666668,0
7489,2023-04-03 14:06:27.792588,home/checkout/cart,"[41, 17, 12]",23.333333333333332,0
8659,2023-04-05 12:26:27.792588,checkout/home/cart,"[9, 64, 77]",50.0,0
8195,2023-04-05 06:04:27.792588,cart/home/checkout,"[5, 40, 39]",28.0,0
5966,2023-04-01 21:50:27.792588,products/cart/home,"[70, 67, 27]",54.666666666666664,0
8837,2023-04-02 18:59:27.792588,cart/checkout/home,"[13, 38, 50]",33.666666666666664,1
117,2023-03-31 23:12:27.792588,cart/home/checkout,"[82, 8, 34]",41.333333333333336,0
2551,2023-03-31 23:44:27.792588,cart/products/checkout,"[99, 79, 76]",84.66666666666667,1
5560,2023-03-31 04:48:27.792588,checkout/products/home,"[7, 18, 64]",29.666666666666668,0
4289,2023-04-04 19:57:27.792588,cart/home/products,"[81, 49, 38]",56.0,1
846,2023-04-02 16:23:27.792588,cart/products/home,"[49, 65, 87]",67.0,0
6316,2023-03-31 22:02:27.792588,cart/products/home,"[20, 70, 44]",44.666666666666664,0
6469,2023-04-01 13:02:27.792588,home/products/checkout,"[21, 38, 20]",26.333333333333332,0
9333,2023-04-05 13:26:27.792588,products/home/checkout,"[64, 70, 70]",68.0,1
8915,2023-04-02 14:33:27.792588,checkout/home/cart,"[94, 17, 60]",57.0,0
224,2023-04-03 02:04:27.792588,home/products/checkout,"[35, 38, 43]",38.666666666666664,0
4208,2023-03-30 23:19:27.792588,home/cart/products,"[71, 12, 91]",58.0,0
6283,2023-03-31 00:18:27.792588,checkout/cart/home,"[82, 59, 31]",57.333333333333336,1
2048,2023-04-04 20:53:27.792588,checkout/home/products,"[97, 57, 43]",65.66666666666667,0
6233,2023-04-06 01:23:27.792588,cart/home/checkout,"[69, 21, 34]",41.333333333333336,1
9765,2023-04-04 18:07:27.792588,products/checkout/cart,"[57, 17, 25]",33.0,0
1828,2023-04-01 14:55:27.792588,products/home/cart,"[23, 57, 23]",34.333333333333336,0
1917,2023-04-05 11:17:27.792588,products/cart/checkout,"[61, 29, 90]",60.0,0
4234,2023-04-04 06:29:27.792588,cart/products/checkout,"[35, 85, 59]",59.666666666666664,1
6988,2023-03-30 21:46:27.792588,home/products/checkout,"[27, 36, 66]",43.0,0
2026,2023-04-05 18:55:27.792588,home/checkout/products,"[78, 14, 76]",56.0,1
3744,2023-04-04 11:23:27.792588,checkout/home/cart,"[58, 56, 24]",46.0,0
9093,2023-03-31 21:44:27.792588,checkout/cart/home,"[36, 18, 54]",36.0,0
9,2023-04-05 06:07:27.792588,products/checkout/cart,"[32, 57, 28]",39.0,0
260,2023-04-05 09:53:27.792588,cart/checkout/products,"[83, 26, 34]",47.666666666666664,0
6038,2023-04-02 15:16:27.792588,checkout/cart/products,"[67, 8, 81]",52.0,1
9865,2023-04-03 15:30:27.792588,checkout/home/products,"[63, 91, 12]",55.333333333333336,1
2219,2023-04-01 01:03:27.792588,cart/home/products,"[86, 16, 35]",45.666666666666664,1
7041,2023-04-03 16:05:27.792588,cart/products/home,"[82, 38, 86]",68.66666666666667,1
2060,2023-03-31 05:48:27.792588,home/cart/products,"[79, 80, 53]",70.66666666666667,0
5287,2023-04-01 07:57:27.792588,checkout/home/products,"[83, 61, 99]",81.0,0
1619,2023-03-31 19:16:27.792588,cart/home/products,"[97, 30, 22]",49.666666666666664,1
8512,2023-04-02 06:18:27.792588,home/products/cart,"[90, 42, 85]",72.33333333333333,0
1342,2023-04-02 23:02:27.792588,cart/products/home,"[91, 92, 54]",79.0,1
2832,2023-04-02 13:45:27.792588,products/home/cart,"[12, 45, 10]",22.333333333333332,1
2824,2023-04-05 12:47:27.792588,cart/products/checkout,"[73, 48, 68]",63.0,0
1994,2023-04-01 20:25:27.792588,checkout/home/products,"[33, 32, 15]",26.666666666666668,1
3490,2023-04-04 00:59:27.792588,cart/checkout/products,"[69, 23, 13]",35.0,0
9310,2023-03-31 13:49:27.792588,checkout/products/home,"[31, 38, 48]",39.0,0
7984,2023-04-03 07:16:27.792588,home/checkout/products,"[72, 86, 19]",59.0,0
1604,2023-04-06 10:51:27.792588,products/cart/checkout,"[55, 17, 87]",53.0,0
235,2023-04-03 23:52:27.792588,checkout/products/home,"[53, 74, 60]",62.333333333333336,0
1908,2023-04-01 02:29:27.792588,cart/checkout/products,"[80, 55, 41]",58.666666666666664,0
8567,2023-03-31 05:05:27.792588,checkout/cart/home,"[21, 62, 91]",58.0,1
3530,2023-04-04 00:56:27.792588,home/checkout/products,"[94, 33, 37]",54.666666666666664,1
5256,2023-04-05 14:38:27.792588,cart/checkout/products,"[64, 95, 93]",84.0,0
2635,2023-04-01 13:34:27.792588,cart/products/home,"[59, 14, 51]",41.333333333333336,0
8162,2023-03-31 22:06:27.792588,cart/products/checkout,"[27, 89, 25]",47.0,1
9762,2023-04-01 19:49:27.792588,cart/home/products,"[17, 37, 28]",27.333333333333332,0
2560,2023-04-04 21:28:27.792588,home/cart/checkout,"[15, 21, 72]",36.0,0
5415,2023-04-03 14:46:27.792588,checkout/cart/products,"[51, 29, 98]",59.333333333333336,0
3391,2023-04-04 16:56:27.792588,cart/home/products,"[77, 25, 88]",63.333333333333336,0
5951,2023-04-06 11:32:27.792588,checkout/cart/home,"[87, 87, 16]",63.333333333333336,0
5468,2023-04-04 16:07:27.792588,home/products/cart,"[41, 46, 21]",36.0,1
8007,2023-04-02 21:05:27.792588,products/cart/checkout,"[52, 32, 45]",43.0,0
9064,2023-04-04 15:44:27.792588,products/home/cart,"[51, 22, 82]",51.666666666666664,0
9444,2023-03-31 01:46:27.792588,checkout/cart/home,"[75, 17, 86]",59.333333333333336,0
6413,2023-03-31 19:56:27.792588,cart/home/products,"[17, 35, 6]",19.333333333333332,0
6941,2023-04-03 13:43:27.792588,products/cart/home,"[20, 13, 77]",36.666666666666664,0
9506,2023-04-05 00:53:27.792588,cart/home/products,"[42, 79, 58]",59.666666666666664,1
4820,2023-04-06 06:26:27.792588,checkout/cart/products,"[60, 90, 91]",80.33333333333333,1
2898,2023-04-02 21:03:27.792588,checkout/home/products,"[49, 38, 13]",33.333333333333336,0
7546,2023-03-31 17:37:27.792588,products/cart/checkout,"[92, 12, 11]",38.333333333333336,1
77,2023-04-04 09:14:27.792588,home/products/cart,"[40, 22, 7]",23.0,1
7577,2023-03-30 16:27:27.792588,home/cart/products,"[32, 74, 48]",51.333333333333336,1
4227,2023-04-03 06:37:27.792588,checkout/home/products,"[25, 32, 58]",38.333333333333336,0
600,2023-04-04 17:02:27.792588,cart/home/products,"[58, 69, 25]",50.666666666666664,0
1065,2023-03-31 05:49:27.792588,home/products/checkout,"[17, 61, 53]",43.666666666666664,0
2136,2023-03-31 13:46:27.792588,home/checkout/cart,"[58, 14, 57]",43.0,0
9510,2023-04-01 00:43:27.792588,home/products/checkout,"[48, 51, 57]",52.0,0
6943,2023-04-05 05:47:27.792588,cart/checkout/products,"[78, 50, 17]",48.333333333333336,0
7804,2023-03-31 23:15:27.792588,home/checkout/cart,"[41, 28, 6]",25.0,1
6565,2023-03-31 18:27:27.792588,cart/products/checkout,"[90, 85, 18]",64.33333333333333,1
5984,2023-04-05 07:55:27.792588,cart/checkout/products,"[14, 39, 29]",27.333333333333332,1
5142,2023-04-03 20:04:27.792588,home/products/cart,"[7, 21, 16]",14.666666666666666,0
4670,2023-04-01 20:27:27.792588,home/checkout/cart,"[58, 28, 33]",39.666666666666664,0
2190,2023-04-06 00:55:27.792588,checkout/home/cart,"[47, 29, 64]",46.666666666666664,0
9184,2023-04-04 08:42:27.792588,home/cart/products,"[94, 69, 88]",83.66666666666667,0
2712,2023-04-01 18:33:27.792588,cart/products/checkout,"[32, 20, 51]",34.333333333333336,0
2192,2023-04-05 20:04:27.792588,cart/checkout/products,"[85, 96, 62]",81.0,0
1248,2023-03-31 05:18:27.792588,checkout/home/cart,"[80, 31, 57]",56.0,0
4033,2023-04-06 12:43:27.792588,products/checkout/cart,"[46, 63, 51]",53.333333333333336,1
1997,2023-04-01 16:40:27.792588,checkout/products/home,"[98, 38, 41]",59.0,0
3687,2023-03-31 19:02:27.792588,checkout/products/cart,"[10, 11, 29]",16.666666666666668,1
4018,2023-04-04 00:11:27.792588,products/checkout/home,"[37, 59, 62]",52.666666666666664,0
1970,2023-04-02 06:14:27.792588,checkout/products/cart,"[11, 61, 16]",29.333333333333332,0
8389,2023-04-04 21:18:27.792588,cart/home/products,"[20, 84, 47]",50.333333333333336,0
5765,2023-03-31 14:17:27.792588,checkout/home/products,"[81, 11, 55]",49.0,0
1202,2023-04-01 10:00:27.792588,home/products/cart,"[77, 36, 79]",64.0,0
8135,2023-04-01 18:50:27.792588,products/checkout/home,"[12, 91, 93]",65.33333333333333,0
5567,2023-04-04 21:40:27.792588,products/home/cart,"[76, 49, 90]",71.66666666666667,0
7667,2023-04-05 09:25:27.792588,checkout/products/cart,"[63, 8, 71]",47.333333333333336,0
5742,2023-03-30 21:33:27.792588,products/home/cart,"[33, 33, 32]",32.666666666666664,0
5788,2023-04-02 22:01:27.792588,products/home/checkout,"[81, 83, 91]",85.0,1
5408,2023-04-01 00:16:27.792588,cart/home/products,"[48, 94, 8]",50.0,0
8669,2023-04-06 03:49:27.792588,cart/checkout/home,"[94, 13, 9]",38.666666666666664,1
9446,2023-04-06 06:16:27.792588,cart/checkout/products,"[60, 88, 54]",67.33333333333333,0
922,2023-04-03 03:51:27.792588,products/checkout/cart,"[79, 19, 36]",44.666666666666664,1
419,2023-04-02 06:23:27.792588,checkout/products/cart,"[32, 26, 21]",26.333333333333332,1
2204,2023-04-03 08:10:27.792588,checkout/products/cart,"[63, 94, 75]",77.33333333333333,0
1120,2023-04-02 18:39:27.792588,cart/products/checkout,"[61, 30, 29]",40.0,0
950,2023-03-31 13:01:27.792588,cart/checkout/products,"[14, 49, 87]",50.0,1
2336,2023-04-02 10:38:27.792588,products/home/checkout,"[15, 81, 57]",51.0,0
5373,2023-04-05 23:09:27.792588,home/products/cart,"[76, 72, 99]",82.33333333333333,0
2243,2023-04-06 03:57:27.792588,products/checkout/home,"[32, 79, 69]",60.0,0
2645,2023-03-31 20:26:27.792588,home/checkout/products,"[53, 51, 56]",53.333333333333336,1
4612,2023-03-30 19:39:27.792588,products/home/cart,"[92, 58, 64]",71.33333333333333,1
1865,2023-04-03 04:30:27.792588,cart/checkout/products,"[61, 51, 35]",49.0,0
6028,2023-03-30 20:19:27.792588,home/checkout/cart,"[50, 30, 9]",29.666666666666668,0
7326,2023-04-04 20:38:27.792588,checkout/cart/home,"[88, 56, 79]",74.33333333333333,0
6371,2023-04-05 08:00:27.792588,checkout/home/cart,"[58, 37, 54]",49.666666666666664,0
6359,2023-03-31 15:20:27.792588,products/checkout/home,"[42, 31, 19]",30.666666666666668,1
7863,2023-03-31 04:13:27.792588,checkout/products/home,"[65, 25, 50]",46.666666666666664,0
3228,2023-04-02 07:07:27.792588,products/home/cart,"[73, 10, 42]",41.666666666666664,0
3719,2023-04-05 02:04:27.792588,home/products/checkout,"[66, 90, 66]",74.0,0
2371,2023-04-05 12:07:27.792588,checkout/home/cart,"[86, 82, 78]",82.0,1
2891,2023-03-31 20:17:27.792588,home/products/cart,"[50, 17, 99]",55.333333333333336,0
3756,2023-03-30 18:21:27.792588,home/checkout/cart,"[98, 7, 98]",67.66666666666667,0
4225,2023-04-05 04:08:27.792588,checkout/home/products,"[10, 97, 12]",39.666666666666664,0
94,2023-03-31 01:47:27.792588,products/checkout/home,"[48, 37, 85]",56.666666666666664,0
2674,2023-04-05 23:31:27.792588,home/checkout/products,"[79, 81, 54]",71.33333333333333,0
6898,2023-03-31 08:26:27.792588,products/home/cart,"[15, 99, 32]",48.666666666666664,0
793,2023-04-02 03:44:27.792588,home/products/checkout,"[74, 45, 20]",46.333333333333336,0
2116,2023-04-04 20:53:27.792588,checkout/products/home,"[72, 52, 60]",61.333333333333336,1
5779,2023-04-06 04:14:27.792588,home/products/cart,"[68, 63, 94]",75.0,1
6166,2023-04-03 15:22:27.792588,cart/checkout/products,"[66, 80, 15]",53.666666666666664,1
814,2023-04-01 17:57:27.792588,cart/products/home,"[93, 22, 23]",46.0,0
345,2023-03-31 14:11:27.792588,cart/home/checkout,"[91, 59, 86]",78.66666666666667,1
8554,2023-03-30 22:06:27.792588,products/cart/home,"[30, 10, 8]",16.0,0
2443,2023-03-31 10:47:27.792588,cart/products/home,"[33, 63, 21]",39.0,0
7783,2023-04-03 16:55:27.792588,products/home/checkout,"[47, 84, 70]",67.0,0
984,2023-04-03 14:42:27.792588,checkout/cart/home,"[38, 12, 17]",22.333333333333332,0
7790,2023-04-02 03:07:27.792588,cart/products/home,"[12, 98, 98]",69.33333333333333,0
